,rawcomment,sentiment_predictions,sarcasm_predictions
0,wow she remained beautiful even in 2023,2,0
1,Ugh it's 2023 and I'm still inlove with Justin,1,0
2,"Jb is a legend, really !!!",2,1
3,It's 2023 but the song is  rocking,1,0
4,Super,2,1
5,875 GOD ğŸ˜±ğŸ˜±ğŸ˜±,1,1
6,874 GOD ğŸ’–ğŸ’–ğŸ’–,1,1
7,873 GOD ğŸˆğŸˆğŸˆ,1,1
8,872 GOD ğŸ™ğŸ™ğŸ™,1,1
9,871 GOD ğŸ˜ŠğŸ˜ŠğŸ˜Š,1,1
10,870 GOD â¤ï¸â¤ï¸â¤ï¸,1,1
11,869 GOD ğŸ¤ğŸ¤ğŸ¤,1,1
12,868 GOD ğŸ‰ğŸ‰ğŸ‰,1,1
13,867 GOD ğŸ˜ƒğŸ˜ƒğŸ˜ƒ,1,1
14,866 GOD ğŸ’•ğŸ’•ğŸ’•,1,1
15,865 GOD ğŸ¥°ğŸ¥°ğŸ¥°,1,1
16,864 GOD ğŸ’ğŸ’ğŸ’,1,1
17,863 GOD ğŸ¤‘ğŸ¤‘ğŸ¤‘,1,1
18,862 GOD ğŸ’›ğŸ’›ğŸ’›,1,1
19,861 GOD ğŸ‘»ğŸ‘»ğŸ‘»,1,1
20,860 GOD ğŸ–¤ğŸ–¤ğŸ–¤,1,1
21,859 GOD ğŸ’šğŸ’šğŸ’š,1,1
22,858 GOD ğŸŒ·ğŸŒ·ğŸŒ·,1,1
23,857 GOD ğŸ’—ğŸ’—ğŸ’—,1,1
24,856 GOD ğŸ’˜ğŸ’˜ğŸ’˜,1,1
25,855 GOD ğŸ’ğŸ’ğŸ’,1,1
26,854 GOD ğŸ°ğŸ°ğŸ°,1,1
27,853 GOD ğŸ’™ğŸ’™ğŸ’™,1,1
28,"It has been almost 13 years and when I first watched it, i was 13... December 2013 on dish cable. Feni, Bangladesh.",2,0
29,852 GOD ğŸ‘‘ğŸ‘‘ğŸ‘‘,1,1
30,851 GOD ğŸ’“ğŸ’“ğŸ’“,1,1
31,850 GOD ğŸŒ¹ğŸŒ¹ğŸŒ¹,1,1
32,849 GOD ğŸ¤©ğŸ¤©ğŸ¤©,1,1
33,848 GOD ğŸ‡ğŸ‡ğŸ‡,1,1
34,847 GOD â£ï¸â£ï¸â£ï¸,1,1
35,846 GOD ğŸ˜ğŸ˜ğŸ˜,1,1
36,845 GOD ğŸ¤£ğŸ¤£ğŸ¤£,1,1
37,23M likes ğŸ˜¯ğŸ¤—,1,0
38,Who is here in 2023ğŸ‘€ğŸ˜‚,1,0
39,Indonesia hadlir ğŸ–’ğŸ–’ğŸ–’,1,0
40,Just spotted drake,1,1
41,"N5isğŸ‘”ğŸ©ğŸ‘“ğŸ‘–ğŸŒ¹,,,",1,0
42,Memories ğŸ˜â˜ºï¸,1,0
43,Such a talentğŸ™€ğŸ‘ŒğŸ‘ŒğŸ‘ŒğŸ‘ŒğŸ’¯ğŸ’¯ğŸ’¯ğŸ’¯ğŸ’¯ğŸ’¯ğŸ’¯ğŸ’—ğŸ’—ğŸ’–ğŸ’–â¤ï¸â€ğŸ”¥â¤ï¸â€ğŸ”¥â¤ï¸â€ğŸ”¥ğŸ’•ğŸ’•â£ï¸â£ï¸â£ï¸,1,0
44,Such a talentğŸ’¯ğŸ’¯ğŸ’¯ğŸ’¯ğŸ’¯ğŸ’¯ğŸ’¯ğŸ’¯ğŸ’•ğŸ’•ğŸ’•ğŸ’•ğŸ’•ğŸ’•ğŸ’•ğŸ’•ğŸ’•ğŸ’•ğŸ’•ğŸ’•ğŸ’•ğŸ’•,1,0
45,Advance congratulations for 3b,1,0
46,Why is drake hanging out with teenagers?ğŸ¤£ğŸ¤£,1,1
47,WELCOME TO THE THE MOST DISLIKE YOUTUBE VIDEO IN THE WORLD,2,0
48,Buenos tiempos,1,0
49,Who else noticed drake?,1,1
50,2023 n still we gonna mad on this song â™¥ï¸âœ¨,0,0
51,Certifed Hood Classic,2,0
52,WowğŸ˜±ğŸ˜˜,1,0
53,6th'Feb-2023...still a hit ğŸ”¥,1,0
54,So many views! He sounds so nice,2,0
55,,1,0
56,2023ğŸ¤—,1,0
57,ğŸ¤©ğŸ˜˜,1,0
58,I'm from India but this song is very famous in India.,2,1
59,Overhated fr,1,0
60,Nibba nd Nibbi,1,1
61,What A Voice â¤ï¸ğŸ’¯,1,0
62,"Childhood memories 
He owned the world that time",1,0
63,"Lovely"" is a song by Canadian singer Justin Bieber, featuring American singer-songwriter Billie Eilish. It was released as a single in 2018 and received positive feedback from audiences and critics alike for its mellow and intimate sound, as well as for the strong vocal performances by both Bieber and Eilish. The song has been praised for its simple yet effective production and lyrics, and for the way it showcases the emotions and feelings of love and affection. It has become a fan favorite and continues to be widely streamed and played on various music platforms.",2,1
64,I love this song,2,0
65,"She's like: OkAy... After you chased me around the building and shoved your face into my face a couple times, I'll give in.",2,0
66,About to be 13 years,1,0
67,à¸«à¸™à¸¹  à¸ˆà¸° à¸–à¸²à¸¡  à¸™à¹‰à¸°    à¸”à¸±à¸Šà¸Šà¸µà¹ˆ  à¸šà¸­à¸¢  à¸à¸±à¸š  à¸”à¸±à¸Šà¸Šà¸µà¹ˆ à¹€à¸à¸´à¹‰à¸¥  à¸¡à¸² à¸ˆà¸²à¸ à¹„à¸«à¸™,1,0
68,à¸šà¸­à¸¢à¹à¸šà¸£à¸™  à¸—à¸µà¹ˆ  à¹€à¸›à¹‡à¸™  à¹„à¸› à¸•à¸²à¸¡  à¸„à¸£à¸£à¸¥à¸­à¸‡à¸„à¸£à¸­à¸‡à¸˜à¸£à¸£à¸¡   à¸•à¹‰à¸­à¸‡ à¸ªà¸¡à¸šà¸¹à¸£à¸“à¹Œ   à¹à¸šà¸šà¹€à¸Šà¹ˆà¸™ à¸™à¸µà¹‰  ğŸ‘†ğŸ‘†ğŸ‘†ğŸ‘†ğŸ‘†,1,0
69,Ohio rizz ğŸ˜¬ ğŸ’€ğŸ’€ğŸ’€,1,0
70,i just noticed drake is in this at 1:14,1,0
71,I am Japanese. I love this songâ¤â¤,2,0
72,â˜ºğŸ˜ŠğŸ˜ŠğŸ˜Š,1,0
73,is DRIZZY DRAKE in his group?,1,0
74,Ooohhh ahhhh â¤ï¸,1,0
75,"muito podem duvidar, mas essa Ã© a mÃºsica que um real mano escuta",2,1
76,Cool,2,0
77,2023 anyone.........?,1,0
78,Itâ€™s hard to like Justin Bieber because most of his Friends are girls but I am a boy and I love Justin Bieber comment down below if you are also a boy and you love Justin,2,1
79,This whole song is just like a fifteen-year-old kid harassing a girl,2,1
80,Realy nice songğŸ˜ğŸ˜# ff #jastin,2,0
81,2023 i'm here,1,0
82,Weak at m sb bwnh n. Caffeine â™¥ â™¥ â™¥ â™¥ â™¥ caffeine â™¥,0,0
83,Torture ğŸ˜‚,1,1
84,Bro this is torture,1,1
85,What's Drake Doing?,1,1
86,"listening this since i was 7... now i'm 20... heir of jackson throne much love from istanbul, turkey! BieberFever, OnceABelieberAlwaysABelieber hahaha :)",2,0
87,"Oh ,really it is the most energetic mind-blowing superior best song in the world",2,1
88,844 GOD ğŸ˜œğŸ˜œğŸ˜œ,1,1
89,843 GOD ğŸ¥€ğŸ¥€ğŸ¥€,1,1
90,842 GOD ğŸ¤ªğŸ¤ªğŸ¤ª,1,1
91,841 GOD ğŸ˜€ğŸ˜€ğŸ˜€,1,1
92,840 GOD ğŸ˜±ğŸ˜±ğŸ˜±,1,1
93,839 GOD ğŸ’–ğŸ’–ğŸ’–,1,1
94,838 GOD ğŸˆğŸˆğŸˆ,1,1
95,837 GOD ğŸ™ğŸ™ğŸ™,1,1
96,836 GOD ğŸ˜ŠğŸ˜ŠğŸ˜Š,1,1
97,835 GOD â¤ï¸â¤ï¸â¤ï¸,1,1
98,834 GOD ğŸ¤ğŸ¤ğŸ¤,1,1
99,833 GOD ğŸ‰ğŸ‰ğŸ‰,1,1
100,832 GOD ğŸ˜ƒğŸ˜ƒğŸ˜ƒ,1,1
101,831 GOD ğŸ’•ğŸ’•ğŸ’•,1,1
102,830 GOD ğŸ¥°ğŸ¥°ğŸ¥°,1,1
103,829 GOD ğŸ’ğŸ’ğŸ’,1,1
104,828 GOD ğŸ¤‘ğŸ¤‘ğŸ¤‘,1,1
105,827 GOD ğŸ’›ğŸ’›ğŸ’›,1,1
106,826 GOD ğŸ‘»ğŸ‘»ğŸ‘»,1,1
107,825 GOD ğŸ–¤ğŸ–¤ğŸ–¤,1,1
108,824 GOD ğŸ’šğŸ’šğŸ’š,1,1
109,823 GOD ğŸŒ·ğŸŒ·ğŸŒ·,1,1
110,822 GOD ğŸ’—ğŸ’—ğŸ’—,1,1
111,821 GOD ğŸ’˜ğŸ’˜ğŸ’˜,1,1
112,6/1/2023 once again,1,0
113,820 GOD ğŸ’ğŸ’ğŸ’,1,1
114,819 GOD ğŸ°ğŸ°ğŸ°,1,1
115,818 GOD ğŸ’™ğŸ’™ğŸ’™,1,1
116,817 GOD ğŸ‘‘ğŸ‘‘ğŸ‘‘,1,1
117,816 GOD ğŸŒ¹ğŸŒ¹ğŸŒ¹,1,1
118,815 GOD ğŸ¤©ğŸ¤©ğŸ¤©,1,1
119,814 GOD ğŸ‡ğŸ‡ğŸ‡,1,1
120,813 GOD â£ï¸â£ï¸â£ï¸,1,1
121,812 GOD ğŸ˜ğŸ˜ğŸ˜,1,1
122,811 GOD â™¥ï¸â™¥ï¸â™¥ï¸,1,1
123,810 GOD ğŸ¤£ğŸ¤£ğŸ¤£,1,1
124,809 GOD ğŸ˜œğŸ˜œğŸ˜œ,1,1
125,808 GOD ğŸ¥€ğŸ¥€ğŸ¥€,1,1
126,807 GOD ğŸ¤ªğŸ¤ªğŸ¤ª,1,1
127,806 GOD ğŸ˜€ğŸ˜€ğŸ˜€,1,1
128,805 GOD ğŸ˜±ğŸ˜±ğŸ˜±,1,1
129,804 GOD ğŸ’–ğŸ’–ğŸ’–,1,1
130,803 GOD ğŸˆğŸˆğŸˆ,1,1
131,802 GOD ğŸ™ğŸ™ğŸ™,1,1
132,801 GOD ğŸ˜ŠğŸ˜ŠğŸ˜Š,1,1
133,ğŸ‘,1,0
134,ew,1,0
135,"2,9mlr people watch this songğŸ˜µâ€ğŸ’«",1,0
136,"my Diggbast fans.  Justin Bieber
Singing good. my forever music video about BaBy
Zena my Forever fans. Justin Bieber have a good",2,1
137,6-02-2023,1,0
138,Que saudade dessa mÃºsicaâ¤â¤ğŸ˜¢ğŸ˜¢,1,0
139,G I love you Justin Bieber so muchğŸ˜Š,2,0
140,Any time,1,0
141,For you,1,0
142,Just dail upper phone no yellow resume,1,0
143,Hi kitty witty were,1,0
144,Soory for every thing muked in every comment what i say meet Mee after holy your every problem my problem,1,0
145,But gazious pikious mused up,1,1
146,I liked as god,1,1
147,No personal problem only heart problems,1,0
148,This time is every song misked Moked for you were you,1,0
149,Hi babes it time bedroom floor next song,1,0
150,Hi babe left more 10 month kundali energy over,1,0
151,Essa mÃºsica Ã© a minha preferida,1,0
152,"âšœï¸ğŸ”±âšœï¸ÚŠÙˆÙÙ„ÙÙ€ÙÙ€ÙÙÙ€ÙÙÙÙ€ÙÙÙ€ÙÙ€Ø© Ø¨Ù€ÙŒÙ€ÙŒÙŒÙ€ÙŒÙŒÙŒÙ€ÙŒÙŒÙ€ÙŒÙ†Ù€ÙÙÙ€ÙÙ€ÙŠ ØµÙÙ€,Ù€ÚÙ€ÙŒÙŒÙ€ÙŒÙŒØ± ğŸ”±âšœï¸ğŸ”±",1,0
153,"RATED TV-G 









           The persons and events in this film are fictitious. 
Any similarly to actual persons, living or dead, or actual events 
                   is purely coincidental and unintentional. 

This motion picture is protected under the laws of the United States 
       and other countries. Unauthorized duplication or exhibition 
             may result in civil liability and criminal prosecution. 


                             Â©MMX Disney Enterprises, Inc. 
                                       All Rights Reserved.",0,0
154,Itâ€™s a shame we donâ€™t listen to these type of songs anymore ğŸ˜¢,1,0
155,Iliyi,1,0
156,If you never Hurd this your a waste of space on this earth,0,1
157,He sounds like a girl,1,1
158,I LOVED THIS SONE WHEN I WAS 6-7ğŸ˜‚,2,0
159,We still blast this during school trips,1,0
160,2023 Same ğŸµ? Drop your like â¤,1,1
161,I love baby,2,0
162,Just commenting here so that i can be a part of this legendary chat,1,0
163,just come here to add dislike,1,1
164,pov:amabas esta canciÃ³n hasta que te enteraste de quien es,1,0
165,Atmitamolos de pequeÃ±as estÃ¡bamos enamoradas de Justin,1,1
166,World Most Dislike Song ğŸ‡§ğŸ‡©âœŒï¸,1,0
167,so nostalgic,1,0
168,"Overview

Lyrics

Videos

Listen

Other recordings

Artists

Analysis

Main results

Oh-ooh-whoa-oh-oh-oh-oh
Oh-ooh-whoa-oh-oh-oh-oh
Oh-ooh-whoa-oh, oh-oh-oh-oh

You know you love me (yo), I know you care (uh-huh)
Just shout whenever (yo), and I'll be there (uh-huh)
You are my love (yo), you are my heart (uh-huh)
And we will never, ever, ever be apart (yo, uh-huh)

Are we an item? (Yo) girl, quit playin' (uh-huh)
""We're just friends"" (yo), what are you sayin'? (Uh-huh)
Said, ""There's another"" (yo), and looked right in my eyes (uh-huh)
My first love broke my heart for the first time, and I was like (yo, uh-huh)

""Baby, baby, baby, oh""
Like, ""Baby, baby, baby, no""
Like, ""Baby, baby, baby, oh""
I thought you'd always be mine, mine

""Baby, baby, baby, oh""
Like, ""Baby, baby, baby, no""
Like, ""Baby, baby, baby, oh""
I thought you'd always be mine, mine

Oh, for you, I would've done whatever (uh-huh)
And I just can't believe we ain't together (yo, uh-huh)
And I wanna play it cool (yo), but I'm losin' you (uh-huh)
I'll buy you anything (yo), I'll buy you any ring (uh-huh)

And I'm in pieces (yo), baby, fix me (uh-huh)
And just shake me 'til you wake me from this bad dream (yo, uh-huh)
I'm goin' down (oh), down, down, down (uh-huh)
And I just can't believe, my first love won't be around, and I'm like

""Baby, baby, baby, oh""
Like, ""Baby, baby, baby, no""
Like, ""Baby, baby, baby, oh""
I thought you'd always be mine, mine

""Baby, baby, baby, oh""
Like, ""Baby, baby, baby, no""
Like, ""Baby, baby, baby, oh""
I thought you'd always be mine, mine (Luda!)

When I was 13, I had my first love
There was nobody that compared to my baby
And nobody came between us, nor could ever come above
She had me goin' crazy
Oh, I was starstruck
She woke me up daily
Don't need no Starbucks (woo)

She made my heart pound
And skip a beat when I see her in the street and
At school on the playground
But I really wanna see her on the weekend
She knows she got me dazin'
'Cause she was so amazin'
And now, my heart is breakin'
But I just keep on sayin'

""Baby, baby, baby, oh""
Like, ""Baby, baby, baby, no""
Like, ""Baby, baby, baby, oh""
I thought you'd always be mine, mine

""Baby, baby, baby, oh""
Like, ""Baby, baby, baby, no""
Like, ""Baby, baby, baby, oh""
I thought you'd always be mine, mine

I'm gone (yeah, yeah, yeah, yeah, yeah, yeah)
Now, I'm all gone (yeah, yeah, yeah, yeah, yeah, yeah)
Now, I'm all gone (yeah, yeah, yeah, yeah, yeah, yeah)
Now, I'm all gone (gone, gone, gone)
I'm gone",2,0
169,Nice,2,0
170,Hii from india 2023,1,0
171,Best,2,1
172,Amazing song,2,0
173,I am still  listening  to this song and it's  now  2023,1,0
174,Happy 13 year old ğŸ˜­âœï¸â¤ï¸,2,0
175,"does anyone listen to songs when your mom and dad are not because i do
ğŸ¤ª",1,0
176,Justin had insane rizz,0,0
177,Who do you think you are to break the Argentine flag?,1,0
178,Questa musica e top 2023 ğŸ”¥ğŸ”¥,2,0
179,Whos is watching this in 2023,1,0
180,Bhojpuri films main b same hota hai ğŸ˜‚ğŸ˜‚,2,0
181,"Justin Beiber had a lot of babys when this song came out.
Drake had a cameo appearance",1,0
182,I just love this one so much,2,0
183,Legend are waiting 2023ğŸ¤£ğŸ¤£ğŸ¤£ğŸ¤£,1,0
184,baby baby baby ohhhhhhhhh,1,0
185,Muito bom,1,0
186,For some reason this song reminds me of GTA San Andreas. ğŸ¤·,1,0
187,2023,1,0
188,My childhood song ğŸŒšğŸ‘ŠğŸ¼,1,0
189,Justin Bieber is on ğŸ”¥ğŸ”¥ğŸ”¥ğŸ”¥ğŸ”¥ğŸ”¥â­â­â­â­â­ğŸŒŸğŸ¥°,1,1
190,0,1,0
191,"Kto sÅ‚ucha to wo 2023 
Ps ja",1,0
192,Le meilleur >>>,1,1
193,ğŸ¥°ğŸ¥°ğŸ¥°ğŸ¥°ğŸ¥°ğŸ¥°ğŸ¥°â¤â¤â¤â¤â¤â¤â¤â¤â¤â¤â¤â¤ğŸ™Šâ¤,1,0
194,"always my favroite song
ğŸ¥°ğŸ¥°ğŸ¥°ğŸ¥°ğŸ¥°ğŸ¥°ğŸ¥°ğŸ¥°ğŸ¥°ğŸ¥°ğŸ¥°ğŸ˜ğŸ˜ğŸ˜ğŸ˜ğŸ˜ğŸ˜ğŸ˜ğŸ¤©ğŸ˜˜",1,0
195,Any body notice,1,0
196,Drake Is also their,1,0
197,"2023 year Baby likes..... ğŸ¥°
Bloody Sweet Heart Touching
Never Forget..... ğŸŒ¹",0,0
198,My name is Bumi 0:29,1,0
199,https://youtu.be/b1qH7z8sOEo,1,0
200,IKAW LANG ANG GUSTO NG BUYHAY KO KAYA BABY BABY BABY NOH.,1,0
201,â¤ï¸â¤ï¸,1,0
202,"I LOVE YOU MANJU..ğŸ˜˜ğŸ˜˜
EN WIFE MANJU..ğŸ‘°ğŸ’ğŸ˜˜ğŸ˜˜",2,1
203,2023,1,0
204,WHO STILL LISTEN THIS SONG 2023 ğŸ˜ŠğŸ¶ğŸµ,1,0
205,ANYONE HERE FROM 2023ğŸ˜‚ğŸ˜‚,1,0
206,Love you Justin â™¥ï¸,2,0
207,get the white boys on the ufo to agartha type shit,0,0
208,Fair,2,1
209,Drake without beard,1,0
210,14.37million dislikes,1,0
211,"Let's be honest, Justin Bieber owned the world for few days when this song was",2,0
212,2023ğŸ˜‡ğŸ˜‡Lengend never change.... If u listen like itğŸ‘‡,1,1
213,Legend are listening in 2023ğŸ˜…ğŸ˜‰,1,0
214,this song is actually fire.,1,0
215,Almost 13 years!,1,0
216,ğŸ‰,1,0
217,Growing up is realizing this song is a banger,1,0
218,that song is most disliked videos but song never get oldâ¤â¤â¤â¤â¤â¤,1,0
219,05 /02/2023 let see how many legend was watching this masterpice song watching ğŸ’–ğŸ’–ğŸ’–ğŸ’–,2,0
220,Listening in 2023.....,1,1
221,look at this little hetero groomer trying to force sex on our children,0,1
222,coming back to the comments section and seeing everyone praising this song feels like I fell into a different universe. this man was the butt of every joke in 2010,1,0
223,Hh,1,1
224,Love From India'   ğŸ‘€â¤ï¸âœ¨,2,1
225,Esta cancion es una joya nunca pasara de moda Bendiciones para todos lo que siguen comentando ğŸŒ ğŸ¥º,1,1
226,Justin bieber ğŸ‘‘ğŸ‘‘ğŸ‘‘ğŸ‘‘,1,1
227,https://advancetextile86.blogspot.com/2020/08/the-manufacturing-process-of-rayon.html,1,0
228,For the future generations - This video had 14M dislikes in 2023.,1,0
229,Tava grÃ¡vida ğŸ¤° da minha primeira filha hoje com 12 anos eu vivia ouvindo e cantando essa mÃºsica,1,0
230,I love u song,2,0
231,*You canâ€™t tell me this ISNT your favorite songâ€¦*,2,0
232,Excelente canciÃ³n escuchada en 2023,1,1
233,JB you are on the right tracked...Having God in our life is so wonderful! It gives us inner peace and true happines. God loves us all. Spread more goodness JBğŸ˜‡ğŸ˜‡ğŸ˜‡,2,1
234,Love you baby boy ğŸ˜˜ğŸ˜˜,2,0
235,i love this song like it u do to,2,0
236,I love this song so much I  did I have my first love when u was 8or7,2,0
237,Drake 1:14 ğŸ¤¯ğŸ˜±ğŸ˜±,1,1
238,I listen to this song everyday,0,0
239,Quien escuchando esta joya antigua en 2023?,1,1
240,Vamos pra 3.000.000.000,1,1
241,I  love this song  i am from India,2,0
242,"No veÃ­a este video desde que tenia 6 aÃ±os, que nostÃ¡lgicoğŸ¥²",1,0
243,"vevyy, vevi",1,0
244,Justin was such a sweetheart,1,0
245,bro does not get it that   he is in the FRIENDZONE,1,1
246,Eu te amo,1,0
247,I love the songs of justein Beiber very much ğŸ˜ŠğŸ˜ğŸ˜‚â¤ï¸ğŸ˜ğŸ˜ŠğŸ˜ğŸ˜â¤ï¸â¤ï¸ğŸ˜ğŸ˜ŠğŸ¤£ğŸ˜ğŸ˜ğŸ˜ŠğŸ˜ğŸ˜â¤ï¸ğŸ˜ğŸ˜ğŸ˜ŠğŸ˜Š. Because he is my favourite singer ğŸ˜…ğŸ¤£ğŸ˜…ğŸ˜‰ğŸ˜‰ğŸ˜…ğŸ˜…ğŸ¤£ğŸ˜…ğŸ¤£ğŸ¤£ğŸ˜…ğŸ˜…,2,0
248,Back when we thought Justin Bieber was a girl,1,1
249,1:13 yoooo is that drake,1,1
250,Ana I sing it also its alsom,1,0
251,But a little wired,0,0
252,Love it its my favorite song and it is cute,2,0
253,I love you,2,0
254,I hate this song,0,0
255,800 GOD â¤ï¸â¤ï¸â¤ï¸,1,1
256,799 GOD ğŸ¤ğŸ¤ğŸ¤,1,1
257,798 GOD ğŸ‰ğŸ‰ğŸ‰,1,1
258,797 GOD ğŸ˜ƒğŸ˜ƒğŸ˜ƒ,1,1
259,796 GOD ğŸ’•ğŸ’•ğŸ’•,1,1
260,795 GOD ğŸ¥°ğŸ¥°ğŸ¥°,1,1
261,794 GOD ğŸ’ğŸ’ğŸ’,1,1
262,793 GOD ğŸ¤‘ğŸ¤‘ğŸ¤‘,1,1
263,792 GOD ğŸ’›ğŸ’›ğŸ’›,1,1
264,791 GOD ğŸ‘»ğŸ‘»ğŸ‘»,1,1
265,790 GOD ğŸ–¤ğŸ–¤ğŸ–¤,1,1
266,789 GOD ğŸ’šğŸ’šğŸ’š,1,1
267,787 GOD ğŸŒ·ğŸŒ·ğŸŒ·,1,1
268,786 GOD ğŸ’—ğŸ’—ğŸ’—,1,1
269,785 GOD ğŸ’˜ğŸ’˜ğŸ’˜,1,1
270,784 GOD ğŸ’ğŸ’ğŸ’,1,1
271,783 GOD ğŸ°ğŸ°ğŸ°,1,1
272,TÃ¼m ergenliÄŸimsin,1,0
273,782 GOD ğŸ’™ğŸ’™ğŸ’™,1,1
274,781 GOD ğŸ‘‘ğŸ‘‘ğŸ‘‘,1,1
275,780 GOD ğŸ’“ğŸ’“ğŸ’“,1,1
276,779 GOD ğŸŒ¹ğŸŒ¹ğŸŒ¹,1,1
277,778 GOD ğŸ¤©ğŸ¤©ğŸ¤©,1,1
278,777 GOD ğŸ‡ğŸ‡ğŸ‡,1,1
279,776 GOD â£ï¸â£ï¸â£ï¸,1,1
280,775 GOD ğŸ˜ğŸ˜ğŸ˜,1,1
281,774 GOD â™¥ï¸â™¥ï¸â™¥ï¸,1,1
282,"I don't get why everyone hates this song, it's a banger. 

this song is well loved at my school (we played it during a kareoke contest and we got the whole room singing along)",2,0
283,773 GOD ğŸ¤£ğŸ¤£ğŸ¤£,1,1
284,772 GOD ğŸ˜œğŸ˜œğŸ˜œ,1,1
285,771 GOD ğŸ¥€ğŸ¥€ğŸ¥€,1,1
286,770 GOD ğŸ¤ªğŸ¤ªğŸ¤ª,1,1
287,769 GOD ğŸ˜€ğŸ˜€ğŸ˜€,1,1
288,768 GOD ğŸ˜±ğŸ˜±ğŸ˜±,1,1
289,767 GOD ğŸ’–ğŸ’–ğŸ’–,1,1
290,766 GOD ğŸˆğŸˆğŸˆ,1,1
291,765 GOD ğŸ™ğŸ™ğŸ™,1,1
292,764 GOD ğŸ˜ŠğŸ˜ŠğŸ˜Š,1,1
293,763 GOD â¤ï¸â¤ï¸â¤ï¸,1,1
294,My songğŸ˜œ,1,0
295,â¤â¤â¤â¤â¤â¤ğŸ˜…2023,1,0
296,Almost 13 years later and this song still blows cocks,1,0
297,i almost forgot drakeâ€™s goofy ass was in here ğŸ’€ğŸ’€,1,1
298,This Song is Always best Song.,2,0
299,This once was the anthem of the internet...,1,1
300,1:14 DRAAAAKKEEE,1,0
301,https://youtu.be/g4f88afEbiI,1,0
302,"lyrics,[Intro: Justin Bieber]
Oh, woah-oh-oh-oh-oh
Oh, woah-oh-oh-oh, oh
Oh, woah, oh-oh-oh, oh, oh-oh, oh, oh-oh, oh

[Verse 1: Justin Bieber & Ludacris]
You know you love me, I know you care (Yo, uh-huh)
Just shout whenever and I'll be there (Yo, uh-huh)
You are my love, you are my heart (Yo, uh-huh)
And we will never, ever, ever be apart (Yo, uh-huh)
Are we an item? Girl, quit playin' (Yo, uh-huh)
We're just friends, what are you sayin'? (Yo, uh-huh)
Said, ""There's another"" and looked right in my eyes (Yo, uh-huh)
My first love broke my heart for the first time, and I was like (Yo, uh-huh)
[Chorus: Justin Bieber]
Baby, baby, baby, oh
Like baby, baby, baby, no
Like baby, baby, baby, oh
Thought you'd always be mine, mine
Baby, baby, baby, oh
Like baby, baby, baby, no
Like baby, baby, baby, oh
Thought you'd always be mine, mine

[Verse 2: Justin Bieber & Ludacris]
Oh, for you, I would've done whatever (Yo, uh-huh)
And I just can't believe we ain't together (Yo, uh-huh)
And I wanna play it cool, but I'm losin' you (Yo, uh-huh)
I'll buy you anything, I'll buy you any ring (Yo, uh-huh)
And I'm in pieces, baby, fix me (Yo, uh-huh)
And just shake me till you wake me from this bad dream (Yo, uh-huh)
I'm goin' down, down, down, down (Yo, uh-huh)
And I just can't believe my first love won't be around, and I'm like

[Chorus: Justin Bieber]
Baby, baby, baby, oh
Like baby, baby, baby, no
Like baby, baby, baby, oh
Thought you'd always be mine, mine
Baby, baby, baby, oh
Like baby, baby, baby, no
Like baby, baby, baby, oh
Thought you'd always be mine, mine
See Justin Bieber Live
Get tickets as low as $77
You might also like
Kill Bill
SZA
Say You Wonâ€™t Let Go
James Arthur
Poland
Lil Yachty
[Verse 3: Ludacris]
(Luda) When I was thirteen, I had my first love
There was nobody that compared to my baby, and nobody came between us nor could ever come above
She had me goin' crazy, oh, I was starstruck
She woke me up daily, don't need no Starbucks (Woo)
She made my heart pound, and skip a beat when I see her in the street and
At school on the playground, but I really wanna see her on the weekend
She knows she got me dazing 'cause she was so amazin'
And now my heart is breakin', but I just keep on sayin'

[Chorus: Justin Bieber]
Baby, baby, baby, oh
Like baby, baby, baby, no
Like baby, baby, baby, oh
Thought you'd always be mine, mine
Baby, baby, baby, oh
Like baby, baby, baby, no
Like baby, baby, baby, oh
Thought you'd always be mine, mine

[Outro: Justin Bieber]
I'm gone (Yeah-yeah-yeah, yeah-yeah-yeah)
Now I'm all gone (Yeah-yeah-yeah, yeah-yeah-yeah)
Now I'm all gone (Yeah-yeah-yeah, yeah-yeah-yeah)
Now I'm all gone (Gone, gone, gone, gone), I'm gone",2,0
303,Listen no hate juts capture..,0,1
304,Bachpan ki yaadienğŸ˜,1,0
305,a song sensation,1,0
306,From little kid at grown man,0,1
307,ğŸ”¥ğŸ”¥ğŸ”¥ğŸ”¥ğŸ”¥ğŸ”¥,1,0
308,Anyone is 2023?,1,0
309,https://youtube.com/shorts/oluqqrgVQw8?feature=share,1,0
310,yo girl be god damn flat as hell,0,0
311,Very nice song ğŸµ,2,0
312,ğŸ‡§ğŸ‡©ğŸ‡§ğŸ‡©ğŸ‡§ğŸ‡©,1,0
313,Anyone From 2023......ğŸ™‹ğŸ™‹ğŸ™‹,1,0
314,isn't it cool that there's at least one person listening to this song at the same time as you every time you listen to it XD,0,0
315,feb 2023 and the king JB still owns youtube,1,0
316,"ì–´ë¦´ë•Œ ì˜ì–´í•™ì› ì„ ìƒë‹˜ì´ ë­ í‹€ì–´ì¤„ê¹Œ ë¬¼ì–´ë´ì„œ
ë‚œ ê± ì´ë…¸ë˜ê°€ ì¢‹ì•„ì„œ ì´ê±° ê³¨ëëŠ”ë° ì• ë“¤ì´ ë‹¤ ì´ìƒí•˜ê³  ë¯€í£í•œ í‘œì •ìœ¼ë¡œ ì³ë‹¤ë´„",1,0
317,"I just donâ€™t see what is wrong and so bad about wanting to give a good looking girl some love, ( love making ) people laugh at me because of that ,and many girls really hurt me by calling me ugly when itâ€™s not my fault and were so mean to me, ( You Canâ€™t Really Trust People ),I mean ,look what those Serbs have done in Bosnia during that aggression ,thousands of Bosniak women and young girls were RAPED in such brutal ways and I get this hate,why does God allow all of this?? They got pleasure ,i can also buddy.(â¤ï¸âœŒï¸ğŸ‘).",2,1
318,"I think of my kids with this song. My ex wife took them away from me and the court believed her story.  Come back to me, babies",1,0
319,ğŸ˜,1,0
320,ğŸ˜„ğŸ˜„ğŸ˜„ğŸ˜„ğŸ˜„ğŸ˜˜ğŸ˜˜ğŸ˜˜ğŸ˜˜ğŸ˜˜ğŸ˜ğŸ˜ğŸ˜ğŸ˜ğŸ¥°ğŸ¥°ğŸ¥°ğŸ˜œğŸ˜œğŸ˜†ğŸ˜†ğŸ˜†ğŸ˜ƒğŸ˜ƒğŸ˜ƒ,1,0
321,,1,0
322,Justin biber rocks,1,1
323,Very good song,2,0
324,THIS MASTERPIECE NEVER GETTING OLDğŸ¥°â¤ï¸ğŸ’¯â¤ï¸,1,1
325,https://youtube.com/@DiLa_Do,1,0
326,Brooooo i mean he slayedğŸ˜­ğŸ’—,0,1
327,Legends see this real video in 2023 ğŸ¥°,2,0
328,ÙƒÙ†Øª Ø£Ø³Ù…Ø¹Ù‡Ø§ Ù…Ø¹ ØµØ¯ÙŠÙ‚ÙŠ ÙˆØ±Ø­Ù„ Ø¹Ù†ÙŠ Ø±Ø¨ÙŠ ÙŠØ±Ø­Ù…Ùƒ ÙŠØ§ Ø¹Ù„ÙŠ ğŸ¥ºğŸ¥ºğŸ¥ºğŸ˜­ğŸ˜­ğŸ˜­,1,0
329,Song so good   ğŸ¥°ğŸ¥°,2,0
330,The song is gold.,1,0
331,So ugly,0,0
332,Baby baby baby no please don't do these dance moves anymore,1,0
333,The dance moves are so bad though like no that is not ok like seriously,0,0
334,He rolls on a table #usless,1,0
335,She doesn't want a fucking ring she want to leave her alone,0,0
336,Don't touch her man,1,0
337,What up with the heart thing,1,0
338,Like this should be elegale,1,0
339,Bro just stop,1,1
340,Bro she's running away,1,1
341,No,1,0
342,sogud,1,0
343,He goes in to kiss her right after she said,2,0
344,What up with his moves like #cring,1,0
345,He latterly pulls her shirt so technically he is harassing her,1,0
346,He is such a show off at bowling,1,0
347,Nice song supr,2,0
348,"Initially like many others I despised this song so much but later I realised how nostalgic it is. A much simpler time, school, and hanging out playing games together with my friends. No adult life bs, responsibilities, work, and loneliness. YouTube truly is the closest to an easy access time machine.",2,0
349,VocÃª percebe que tÃ¡ velho quando volta aqui e vÃª que esse clipe foi lanÃ§ado a 12 anos atrÃ¡s,1,0
350,â¤ï¸ğŸ§ğŸ¤,1,0
351,So so sa song hai,1,0
352,did u know drake on the video clip back then? watch 1:14,1,0
353,why im here again,1,0
354,this is song is soo good ğŸ‘ğŸ‘,2,0
355,I love justin Bieber,2,0
356,j má»›i Ä‘Ã³ 12 nÄƒm r :)),1,0
357,u made me sad my girl broke up with me yesterday,0,0
358,Baby Justin looks like Stephen SALVATORE from vampire diaries â™¥ï¸â™¥ï¸â™¥ï¸â™¥ï¸â™¥ï¸â™¥ï¸â™¥ï¸â™¥ï¸,1,0
359,Que saudade meu Deus,1,0
360,"(Luda) When I was thirteen, I had my first love
There was nobody that compared to my baby, and nobody came between us nor could ever come above
She had me goin' crazy, oh, I was starstruck
She woke me up daily, don't need no Starbucks (Woo)
She made my heart pound, and skip a beat when I see her in the street and
At school on the playground, but I really wanna see her on the weekend
She knows she got me dazing 'cause she was so amazin'
And now my heart is breakin', but I just keep on sayin'",2,1
361,Mi primer amor platonico â¤,1,0
362,I hate that it's so catchy yet annoying at the same time!,0,0
363,ğŸ˜‡ğŸŸâ¤,1,0
364,1:15  why Drake is there wtfğŸ¤¨ğŸ¤¨,1,1
365,Seneng kk dek deger lagu pertamo kau,1,0
366,It's never get old ğŸ’—ğŸ˜­,2,1
367,"Fun Fact: This Masterpiece will never gets older ğŸ’˜ğŸ’˜..... Listening Daily with dance in my room ğŸ˜‰

Justin Bieber is the best singer in the world...ğŸ’•ğŸ’–",2,1
368,Niceâ¤ğŸ˜ğŸ‘Œ,1,0
369,I was 3 when Justin was doing this.ğŸ˜¨,1,1
370,I love hearing this song on a long drive,2,1
371,"He looks so flirty as a boyğŸ¤© I was a fan of his since he was a little guy and I still do. I love both of them, Selena & Justin, even though they broke up.",2,0
372,I love this ğŸ¥°ğŸ¥°ğŸ¥°ğŸ¥°,2,0
373,Hukumnya pacaran haram,1,1
374,ALLAH IS GOD,1,1
375,Aye!,1,0
376,ğŸ³,1,0
377,This song are very beautiful â¤ï¸â¤ï¸ğŸ˜ğŸ˜,2,0
378,healing my inner childhood ğŸ¥º,1,1
379,ğŸ˜‡ğŸ¤·â€â™€ï¸ğŸ˜‡,1,0
380,"Lyrics : Oh-ooh-whoa-oh-oh-oh-oh
Oh-ooh-whoa-oh-oh-oh-oh
Oh-ooh-whoa-oh, oh-oh-oh-oh

You know you love me (yo), I know you care (uh-huh)
Just shout whenever (yo), and I'll be there (uh-huh)
You are my love (yo), you are my heart (uh-huh)
And we will never, ever, ever be apart (yo, uh-huh)

Are we an item? (Yo) girl, quit playin' (uh-huh)
""We're just friends"" (yo), what are you sayin'? (Uh-huh)
Said, ""There's another"" (yo), and looked right in my eyes (uh-huh)
My first love broke my heart for the first time, and I was like (yo, uh-huh)

""Baby, baby, baby, oh""
Like, ""Baby, baby, baby, no""
Like, ""Baby, baby, baby, oh""
I thought you'd always be mine, mine

""Baby, baby, baby, oh""
Like, ""Baby, baby, baby, no""
Like, ""Baby, baby, baby, oh""
I thought you'd always be mine, mine

Oh, for you, I would've done whatever (uh-huh)
And I just can't believe we ain't together (yo, uh-huh)
And I wanna play it cool (yo), but I'm losin' you (uh-huh)
I'll buy you anything (yo), I'll buy you any ring (uh-huh)

And I'm in pieces (yo), baby, fix me (uh-huh)
And just shake me 'til you wake me from this bad dream (yo, uh-huh)
I'm goin' down (oh), down, down, down (uh-huh)
And I just can't believe, my first love won't be around, and I'm like

""Baby, baby, baby, oh""
Like, ""Baby, baby, baby, no""
Like, ""Baby, baby, baby, oh""
I thought you'd always be mine, mine

""Baby, baby, baby, oh""
Like, ""Baby, baby, baby, no""
Like, ""Baby, baby, baby, oh""
I thought you'd always be mine, mine (Luda!)

When I was 13, I had my first love
There was nobody that compared to my baby
And nobody came between us, nor could ever come above
She had me goin' crazy
Oh, I was starstruck
She woke me up daily
Don't need no Starbucks (woo)

She made my heart pound
And skip a beat when I see her in the street and
At school on the playground
But I really wanna see her on the weekend
She knows she got me dazin'
'Cause she was so amazin'
And now, my heart is breakin'
But I just keep on sayin'

""Baby, baby, baby, oh""
Like, ""Baby, baby, baby, no""
Like, ""Baby, baby, baby, oh""
I thought you'd always be mine, mine

""Baby, baby, baby, oh""
Like, ""Baby, baby, baby, no""
Like, ""Baby, baby, baby, oh""
I thought you'd always be mine, mine

I'm gone (yeah, yeah, yeah, yeah, yeah, yeah)
Now, I'm all gone (yeah, yeah, yeah, yeah, yeah, yeah)
Now, I'm all gone (yeah, yeah, yeah, yeah, yeah, yeah)
Now, I'm all gone (gone, gone, gone)
I'm gone

If you like then subscribe my channel ğŸ¤—",2,0
381,Ilove,1,0
382,i have crush so this song i will song for her and i like this song,1,0
383,How Drizzy got here?,1,0
384,"Me thinking , hmmm his from Canada so is drake hmmm they should make a song together, next thing I see is drake ğŸ˜‚",1,1
385,"Back then Justin Bieber,
 used to be every girls dream boyfriend",1,1
386,Best,2,1
387,â¤ï¸â¤ï¸Ã¼niversite 2 tatilinde evde dinliyorum. 10 sene sonra gelicem buraya,1,0
388,this song is good to listen,2,0
389,Best â¤ï¸ Wow,2,1
390,who else never knew drake was in the mv this whole time,2,1
391,nu hsr,1,1
392,MVã«Drakeå‡ºã¦ã‚‹ã®çŸ¥ã‚‰ã‚“ã‹ã£ãŸãœ,1,0
393,All time favourite ğŸ˜œğŸ˜œğŸ˜ƒğŸ˜ƒ,1,0
394,Whats drake doing here,1,1
395,I think drake was there,1,0
396,Listening in February 2023,1,1
397,El bananero sapeeeeeeee,1,1
398,Raise hanx if you listening on 4 febğŸ‘‹,1,1
399,Wow,2,1
400,14m dislikes in 2023,1,0
401,Listen this song feel my students life journey,1,0
402,so what i am still here??,1,0
403,"What's up baby, I miss u, come by now",1,1
404,March,1,0
405,Out of all the times Iâ€™ve seen this song only now have I realized that Drake is in this ğŸ’€ 1:15,1,0
406,BABEEEE BABEEEE BABEEEEE,1,0
407,And now starting I have my first love,2,0
408,"Hey guys do you know what's the title of this other version song ""Baby"" I can't remember.",1,0
409,CadÃª os Br?ğŸ‡§ğŸ‡·,1,1
410,JustinğŸ‡,1,0
411,So.....This is the most disliked song ever?,1,0
412,2023 still can't get over it... Love u justin,2,0
413,Dislike comment.,1,0
414,"Alguien esta en 2023 y god god god justin bieber el cambio de persona niÃ±o:facherito ğŸ˜ƒğŸ˜

Ahora:facherooooğŸ˜",1,1
415,this is the coolest song for mehğŸ˜,1,0
416,when this song was released i was not even born now im 12ğŸ¤§ğŸ˜­,1,0
417,cute voice,2,0
418,hi ğŸ˜ğŸ˜ğŸ˜ğŸ˜ğŸ˜ğŸ˜ğŸ˜ğŸ˜ğŸ˜ğŸ˜ğŸ˜ğŸ˜ğŸ˜ğŸ˜ğŸ˜ğŸ˜ğŸ˜ğŸ˜ğŸ˜ we love you so march ğŸ¤£ğŸ¥° and i love u i will never forgt u you are my love,2,0
419,??brasil aqui em 2023â¤,1,1
420,SMASH,1,1
421,"TODA VEZ QUE ALGUÃ‰M CLICAR NESSE LINK EU VOU VÃŠ ESSE VÃDEO MAIS 3 VEZESğŸ¥°ğŸ™ŒğŸ»


https://youtu.be/S-hOZV1s4_M",1,0
422,TEMAZOOO,1,0
423,762 GOD ğŸ‰ğŸ‰ğŸ‰,1,1
424,761 GOD ğŸ˜ƒğŸ˜ƒğŸ˜ƒ,1,1
425,"Baby baby baby ooooh
Baby baby baby nooo",1,1
426,just came to watch drake,1,0
427,â¤ï¸â¤ï¸â¤ï¸â¤ï¸â¤ï¸ğŸŒ¹,1,0
428,760 GOD ğŸ‘»ğŸ‘»ğŸ‘»,1,1
429,759 GOD ğŸ–¤ğŸ–¤ğŸ–¤,1,1
430,758 GOD ğŸ’šğŸ’šğŸ’š,1,1
431,757 GOD ğŸŒ·ğŸŒ·ğŸŒ·,1,1
432,756 GOD ğŸ’—ğŸ’—ğŸ’—,1,1
433,755 GOD ğŸ’˜ğŸ’˜ğŸ’˜,1,1
434,754 GOD ğŸ’ğŸ’ğŸ’,1,1
435,753 GOD ğŸ°ğŸ°ğŸ°,1,1
436,752 GOD ğŸ’™ğŸ’™ğŸ’™,1,1
437,751 GOD ğŸ‘‘ğŸ‘‘ğŸ‘‘,1,1
438,Hit the like comment button to dislike this video,1,0
439,your rasist boy,1,1
440,Ø§Ø­Ø¨ Ù‡Ø§Ø°ÙŠ Ø§Ù„Ø§ØºÙ†ÙŠÙ‡,1,0
441,Let see how many legends r listening this masterpiece in 2023 â¤ï¸ğŸ’«,2,0
442,"Listening to this song in 2023, I'm saying to myself: this isn't a bad song at all. Seriously. From an unknown reason, we all have been hating on 15 year old kid for nothing.",0,0
443,No he didnt Jackson Bird Allah owned the world,1,1
444,s,1,0
445,"Fake men: This song is a shit

Real men: ğŸ¶BABY, BABY BABY OH ğŸ¶",0,1
446,"Lembro eu com meus 6 anos (acho) trocando meu CD do LUAN SANTANA com a vizinha, pois ela tinha do do junstin",1,0
447,Let's see how many people are watching and 2023 I am tooğŸ¤š,2,0
448,2023 here,1,0
449,This is amazing ğŸ˜®,2,0
450,Feb 2023 anyone is here,1,0
451,I started getting bullied at age rightful age of 3 just for being different,1,0
452,This song is still listened wow,2,0
453,Nostalgia:3,1,0
454,that was me ong,1,0
455,Tvoje mÃ¡ma,1,0
456,Dislike count lost,1,1
457,ğŸ˜€,1,0
458,I will listen this song daily,1,0
459,Good night,2,0
460,Dj bravo ?ğŸ˜œğŸ˜œğŸ˜ğŸ˜ ini last some minute sing  a song,1,0
461,February 2023,1,0
462,"This song will always make history, like it or not.
Either it being the most successful song of all time or being the most hated song on YouTube, this song will not be forgotten.",2,0
463,I love this song so much â¤â¤â¤!!!,2,0
464,"Those days were precious man. I still remember hanging out with my friends wearing a fking tight jeans with a spiked hair while listening baby on repeat. Funny how time passes so fast. So lads, don't focus on finding happiness within you only, try to find it around you too.",2,0
465,ğŸ‰ğŸ˜Šâ¤â¤â¤â¤â¤ğŸ˜¢ğŸ˜®,1,0
466,"This song gives me energy and encouragement to keep doing what I love, and even though it's old it will always be one of my favorite songs, you're really good at it.ğŸ˜ğŸ¥°ğŸ¤©",2,0
467,ğŸ˜„ğŸ˜„ğŸ˜„ğŸ˜ğŸ˜ğŸ˜ŠğŸ˜ğŸ˜ğŸ˜ğŸ¥°ğŸ¥°ğŸ¥°ğŸ¤­ğŸ¤­ğŸ¤—â¤â¤â¤â¤â¤â¤â¤â¤ğŸ’ğŸ’,1,0
468,It like and describe it,1,0
469,Song is Unstoppable,1,0
470,Ssss â¤ï¸ king,1,0
471,I really wished I was the girl in that music video she was so lucky,2,0
472,What is your  aje,1,0
473,Thank you â¤ï¸,1,0
474,That vibes. ouff,1,0
475,ILoveU..Baby.,1,1
476,750 GOD ğŸ¤©ğŸ¤©ğŸ¤©,1,1
477,749 GOD ğŸ‡ğŸ‡ğŸ‡,1,1
478,748 GOD â£ï¸â£ï¸â£ï¸,1,1
479,747 GOD ğŸ˜ğŸ˜ğŸ˜,1,1
480,746 GOD â™¥ï¸â™¥ï¸â™¥ï¸,1,1
481,745 GOD ğŸ¤£ğŸ¤£ğŸ¤£,1,1
482,744 GOD ğŸ˜œğŸ˜œğŸ˜œ,1,1
483,It is the best,2,1
484,Justin ğŸ™‚,1,1
485,i listened to this om my first breakup fet so good when i listened to it,2,0
486,ğŸ‘‡ Who's here after watching Sandaru sathsara's Cover ğŸ˜,1,0
487,743 GOD ğŸ¥€ğŸ¥€ğŸ¥€,1,1
488,742 GOD ğŸ¤ªğŸ¤ªğŸ¤ª,1,1
489,741 GOD ğŸ˜€ğŸ˜€ğŸ˜€,1,1
490,740 GOD ğŸ˜±ğŸ˜±ğŸ˜±,1,1
491,"Ohh wooaah Ohh wooaah Ohh wooaah
You know you love me,I know you care
Just shout whenever, And I'll be there
You want my love, You want my heart
And we will never ever ever be apart

Are we an item? Girl quit playing
We're just friends,What are you sayin'
Say theres another one, Looks right in my eyes

My first love broke my heart for the first time,
And I was like
Baby, baby, baby ooooh,like
Baby, baby, baby noo,like
Baby, baby, baby ooooh
I thought you'd always be mine mine

Baby, baby, baby ooooh,like
Baby, baby, baby noo,like
Baby, baby, baby ooooh
I thought you'd always be mine, oh oh

Oh for you, I would have done whatever
And I just cant believe we ain't together
And I wanna play it cool, About losin' you
I'll buy you anything, I'll buy you any ring
And i'm in pieces , baby fix me
And you'll shake me til' you wake me from this bad dream
Im going down, down, down, down
And I just can't believe my first love won't be around

And I was like
Baby, baby, baby nooo
Baby, baby, baby nooo
My baby, baby, baby noo
My baby, baby, baby nooo
I thought you'd always be mine mine

Baby, baby, baby nooo
Baby, baby, baby nooo
My baby, baby, baby noo
My baby, baby, baby nooo
I thought you'd always be mine mine

When i was 13 i had my first love
There was nobody that to compare to my baby
And nobody came between us or could ever come above
She had me go in crazy
Oh i was starstruck.
She woke me up daily dont need no starbucks
She made my heart pound
Asking for a beat when i see her in the street
And in the school on the playground
But i really wanna see her on the weekends
She knows she got me dazy
Cause she was so amazing and now my heart is breaking
But i just keep on sayin

Baby, baby, baby nooo
My baby, baby, baby noo
My baby, baby, baby nooo
I thought you'd always be mine mine

Baby, baby, baby nooo
My baby, baby, baby noo
My baby, baby, baby nooo
I thought you'd always be mine mine

Now Im all gone
gone gone gone
gonne......",2,1
492,739 GOD ğŸ¥°ğŸ¥°ğŸ¥°,1,1
493,738 GOD ğŸ’–ğŸ’–ğŸ’–,1,1
494,737 GOD ğŸˆğŸˆğŸˆ,1,1
495,Wtf am i doing,0,0
496,736 GOD ğŸ™ğŸ™ğŸ™,1,1
497,735 GOD ğŸ˜ŠğŸ˜ŠğŸ˜Š,1,1
498,734 GOD â¤ï¸â¤ï¸â¤ï¸,1,1
499,733 GOD ğŸ¤ğŸ¤ğŸ¤,1,1
500,732 GOD ğŸ‰ğŸ‰ğŸ‰,1,1
501,731 GOD ğŸ˜ƒğŸ˜ƒğŸ˜ƒ,1,1
502,Nice baby song â˜ºï¸,2,0
503,i am indian but i like this song,1,0
504,1:14 ei Drake what r you doing here,1,0
505,Drake where are you broğŸ«£,1,1
506,drake 1:14 !!!,1,1
507,Almost 12 years ago this song released but this song has same vibe still it's not only song,1,0
508,I love you ğŸ’—ğŸ˜˜ğŸ˜˜ğŸ˜˜ so much â¤ï¸â¤ï¸ğŸ’•ğŸ¥°ğŸ¥°ğŸ¥°ğŸ¥°ğŸ’“ğŸ’“ğŸ’“ğŸ’“ğŸ¥°ğŸ’“,2,0
509,Who listen this masterpiece in 2023ğŸ¥°ğŸ§¨,1,1
510,I like for Justin Bieber,1,1
511,Fav song,1,0
512,Who are listening this masterpiece in 2023,1,1
513,Anyone 2023?,1,0
514,Are you age 28?,1,0
515,I was shocked Lana the song is old ğŸ˜‘,0,1
516,This song contains a lot of my childhood memories ğŸ¤,1,0
517,Who Are still listening in 2023 ?,1,0
518,<3 forever in my heart,1,0
519,1:15 damn time flies drake was mad young,0,0
520,2023 ğŸ¾,1,0
521,Hi! Wish you could play some of your songs at my wedding?,1,0
522,Bro. How the wtfuhh am I just finding out that Luda mentions Starbucks after 14 years later ???ğŸ˜µâ€ğŸ’«,1,0
523,I love this song,2,0
524,"Bro. Song came in 2009, why they made it seem like he was younger than the age he was(16 yrs. old)ğŸ˜­",2,0
525,Anybody listening in 2023,1,0
526,HANDY MANNY,1,0
527,Handy Manny is Justin Bieber fan .,1,1
528,Handy Manny is dance .,1,0
529,asd,1,0
530,https://youtube.com/shorts/38Umg_Z3YCY?feature=share,1,0
531,"Que grande el Justin, no veniste a Argentina, pero en esta canciÃ³n te banco",1,1
532,Anyone in 2023? ğŸ¤©,1,0
533,Thank goodness for AirPods cuz my kid is asleep lol,2,1
534,Lagu ini banyak sekali kenangan dalam hidupku,1,0
535,Anyone in 2023 ğŸ™‹â€â™€ï¸ğŸ™‹â€â™‚ï¸,1,0
536,caught my 20 year old brother listening to this today,2,0
537,Everyone listing 2023 ğŸ™‹,1,0
538,hailey Bieber,1,0
539,"This song brings back so many memories! I was thinking of making a playlist of music full of songs from my childhood, music from the 2010s would anyone be interested in this playlist? and/or have some songs that they think I should add?",2,0
540,"ğŸ—£ï¸ BABY, BABY, BABY, OOOOOOOOOOOH â¤ï¸",1,0
541,When I was younger I never knew drake was here until a few years agoğŸ˜­,2,1
542,Me encanta esta canciÃ³n hase 12 aÃ±osğŸ˜†,1,0
543,Hey,1,1
544,Anyone notice drake,1,0
545,Cute,2,0
546,get in a five car pile up Justin Bieber,1,0
547,ğŸ‡®ğŸ‡¶Ø§Ù„Ø¹Ø±Ø§Ù‚,1,0
548,ğŸ‡®ğŸ‡¶,1,0
549,iraq iraq iraq  ğŸ‡®ğŸ‡¶ğŸ‡®ğŸ‡¶ğŸ‡®ğŸ‡¶,1,1
550,iraq ğŸ‡®ğŸ‡¶ğŸ‡®ğŸ‡¶Ø§Ù„Ø¹Ø±Ø§Ù‚,1,1
551,iraq ğŸ‡®ğŸ‡¶ğŸ‡®ğŸ‡¶ğŸ‡®ğŸ‡¶,1,1
552,iraq  ğŸ‡®ğŸ‡¶ğŸ‡®ğŸ‡¶,1,1
553,ğŸ‡®ğŸ‡¶,1,0
554,"My channel
https://youtube.com/@SKandheri-official",1,0
555,Your song is such motivational as it makes an hope to start a channel through which we can also be famous,2,0
556,Your song is mind blowing,1,0
557,2023???ğŸ¤­,1,0
558,Songs to listen to when the homies arenâ€™t around,1,0
559,"Heart touching love 
.... Love many ğŸ¥°ğŸ¥°ğŸ¥°ğŸ¥º",2,0
560,https://www.youtube.com/watch?v=_OMbbMkn6Ko,1,0
561,beautiful,2,0
562,AAAAAOOOOO ASDAUIDASD PENE,1,0
563,Love Love Justin....,2,0
564,tengo un salami,1,0
565,]],1,0
566,el video tiene muchos dislike,1,0
567,730 GOD ğŸ’ğŸ’ğŸ’,1,1
568,729 GOD ğŸ’›ğŸ’›ğŸ’›,1,1
569,728 GOD ğŸ‘»ğŸ‘»ğŸ‘»,1,1
570,727 GOD ğŸ–¤ğŸ–¤ğŸ–¤,1,1
571,:),1,0
572,2023 baby,1,1
573,Cool,2,0
574,726 GOD ğŸŒ·ğŸŒ·ğŸŒ·,1,1
575,725 GOD ğŸ’—ğŸ’—ğŸ’—,1,1
576,724 GOD ğŸ’˜ğŸ’˜ğŸ’˜,1,1
577,723 GOD ğŸ’ğŸ’ğŸ’,1,1
578,722 GOD ğŸ°ğŸ°ğŸ°,1,1
579,721 GOD ğŸ’™ğŸ’™ğŸ’™,1,1
580,720 GOD ğŸ‘‘ğŸ‘‘ğŸ‘‘,1,1
581,719 GOD ğŸ’“ğŸ’“ğŸ’“,1,1
582,718 GOD ğŸŒ¹ğŸŒ¹ğŸŒ¹,1,1
583,717 GOD ğŸ¤©ğŸ¤©ğŸ¤©,1,1
584,716 GOD ğŸ‡ğŸ‡ğŸ‡,1,1
585,715 GOD â£ï¸â£ï¸â£ï¸,1,1
586,714 GOD ğŸ˜ğŸ˜ğŸ˜,1,1
587,This song will never get oldğŸ˜‹ğŸ”¥ğŸ”¥ğŸ”¥ğŸ”¥ğŸ”¥ğŸ”¥ğŸ˜ğŸ˜ğŸ˜ğŸ˜ğŸ˜ğŸ˜ğŸ˜˜ğŸ˜˜ğŸ˜˜ğŸ˜˜,1,0
588,Fresh water clean air clean blue,2,0
589,"As a kid i used to hate this song just to oppose the rabid wave of fangirls and ugly bowlcut hair trends it spawned, but listening to it now the song honestly isnt as bad as i used to make it out to be. Its actually pretty good",0,0
590,13 years later and people still wanna listen this this. My 6 and 8 year old girls have me playing this song everyday after school.,0,0
591,From Bangladesh!,1,0
592,Hood classic,2,0
593,Esta canciÃ³n es mi lugar seguro <3,1,0
594,Quand jâ€™ai vu le Â«Â il yâ€™a 12 ansÂ Â» je me suis sentie vieille. Le temps passe trop vite.,1,1
595,this song we all stream when we done after having seg,1,0
596,Ginouilozimi,1,0
597,Ouououo,1,0
598,every minute some comment pops up,1,0
599,2023 continue listening ğŸ«¶ğŸ«¶ğŸ«¶ğŸ«¶ğŸ«µğŸ«µğŸ«µğŸ«µğŸ«µğŸ«µ,1,0
600,Moive name??,1,0
601,Anyone in 2023 ?,1,0
602,I thought a girl is singing,1,0
603,This song will never get old....ğŸ¥°ğŸ’,2,1
604,WOW AMAZING SONG LOVE IT ABSOLUTE MASTERPEICE,2,0
605,until now you are still my first bias in the world of musicğŸ˜­ğŸ’ğŸ’,2,0
606,"Back then, hating on Justin was the norm haha",2,0
607,ÙŠØ§Ø²ÙŠÙ†Ùƒ Ø§Ø¬Ù„Ø® Ø¹Ù„ÙŠÙƒ ÙƒÙ„ ÙŠÙˆÙ…,1,0
608,https://youtu.be/en-B3ZgSIho,1,0
609,NTR ann fans â¤ï¸ challapalli Krishna RRR movie ğŸ¿,1,0
610,Super ğŸ’˜ğŸ’˜ğŸ’˜ğŸ’˜ğŸ’˜ğŸ’˜ğŸ’˜ğŸ’˜ğŸ’˜ğŸ’˜ğŸ’˜ğŸ˜šğŸ˜šğŸ˜šğŸ˜šğŸ˜šğŸ˜šğŸ˜šğŸ˜šğŸ˜šğŸ˜šğŸ˜š challapalli Krishna,2,1
611,2023 hereğŸ‘‡ğŸ¾ğŸ‘‡ğŸ¾ğŸ‘‡ğŸ¾,1,0
612,My favorite Justin Bieber song!,2,0
613,Who is still bumping in 2023?,1,0
614,â¤ï¸â¤ï¸â¤ï¸ğŸ¥°,1,0
615,can we just admit? this song is a banger,1,0
616,Nunca vou esquecer essas mÃºsica .i never Will forget this music,1,0
617,I have listen this song almost 100 times,1,0
618,â¤,1,0
619,ğŸ‘½âœ¨ğŸ’™,1,0
620,Shit came out when I was like 8 now Iâ€™m 19 shit brings back some of the best memories even tho itâ€™s kinda cringe now ğŸ˜‚,2,0
621,wtf is that drrrake???,0,0
622,wtf ))),0,0
623,This song is= my age:),1,0
624,I heard this song when I was 4yrs old but it was released when I was 2 yrs old,2,0
625,BRO RLLY THINK HE CAN DO NICE CARRER â˜ ï¸â˜ ï¸â˜ ï¸â˜ ï¸â˜ ï¸,2,1
626,Yooooooou,1,0
627,I love this song,2,0
628,Any one listing this song from 2023,1,0
629,"Do not continue, you are not beautiful, and your voice is also not beautiful. I advise you to stop singing. Your voice is like the sound of insects. Get off, insect. ğŸ˜‘ğŸ˜‘ğŸ’©",2,0
630,"aww, little bieber.",0,0
631,Still listening 2023 â¤ï¸,1,0
632,ğŸŒ¹ğŸŒ¹ğŸŒ¹ğŸŒ¹ğŸŒ¹ğŸŒ¹ğŸŒ¹ğŸŒ¹,1,0
633,ğŸ’‹ğŸ’‹ğŸ’‹ğŸ’‹ğŸ’‹ğŸ’‹,1,0
634,ğŸ˜˜ğŸ˜˜ğŸ˜˜ğŸ˜˜ğŸ˜˜ğŸ˜˜ğŸ˜˜ğŸ˜˜ğŸ˜˜ğŸ˜˜ğŸ˜˜,1,0
635,ğŸ˜“ğŸ˜“ğŸ˜“ğŸ˜“ğŸ˜“ğŸ˜“,1,0
636,ğŸ˜ğŸ˜ğŸ˜ğŸ˜ğŸ˜ğŸ˜ğŸ˜ğŸ˜,1,0
637,ğŸ’”ğŸ’”ğŸ’”ğŸ’”ğŸ’”,1,0
638,I don't like it mich,1,0
639,"I gotta try out the trend of singing this behind my crushes back but first I need to find a crush , kdrama has set the standards too high but imma gonna surely try it once I meet the one",2,1
640,Hey 2023 guys...u r still here ryt?,1,1
641,one day i will come back and cover this song muakaakak,1,0
642,This song ruling 2023 on Indian's heart â¤ï¸,1,0
643,"Sub vs sub
Please support my channel
https://youtube.com/@topfourofficial5066",1,0
644,Cool,2,0
645,Muito bom,1,0
646,13 aÃ±os de este temazo â¤ï¸,1,1
647,IT'S NOSTALGIIIIIIC,1,0
648,"Hit Nepali Collection Song 2023
https://youtu.be/L4KL7fcTx0Q",1,0
649,Da super ğŸ«¢2023 N1,2,1
650,Justin Bieber se parece realmen a Jenna Ortega versiÃ³n hombre:0,1,0
651,12years old song but still on fireeğŸ”¥ğŸ”¥ğŸ”¥ğŸ”¥ğŸ”¥ğŸ”¥,2,0
652,Xxxtantion is best,2,1
653,2023,1,0
654,2023,1,0
655,I love this song baby bay oh baby baby no baby baby oh,1,0
656,THATS MY FAVORITE SONG,2,0
657,"We need these kind of songs back..
Now it's all about nudity and dr*.gs",2,0
658,Iconic hair,1,1
659,Perfecttttttt,1,0
660,"2 fev,2023ğŸ™ŒğŸ»â¤ï¸",1,0
661,Raise your hand who are in 2023,1,0
662,ğŸ˜˜ğŸ˜˜ğŸ˜˜ğŸ˜˜ğŸ˜˜ğŸ˜˜ğŸ˜˜ğŸ˜˜ğŸ˜˜ğŸ˜˜ğŸ˜˜ğŸ˜˜ğŸ˜˜ğŸ˜˜ğŸ˜˜ğŸ˜˜ğŸ˜˜ğŸ˜˜ğŸ˜˜ğŸ˜˜ğŸ˜˜ğŸ˜˜ğŸ˜˜ğŸ˜˜ğŸ˜˜ğŸ˜˜ğŸ˜˜ğŸ˜˜ğŸ˜˜ğŸ˜˜ğŸ˜˜ğŸ˜˜ğŸ˜˜ğŸ˜˜ğŸ˜˜please one repley,1,0
663,How can this song be so on point for so many damn years of my life. It's like word for word fits so many past memories.,2,0
664,Must watch â™¥ï¸,1,0
665,*Letâ€™s see How many people come here everyday 2023.*,2,0
666,ì˜ ë³´ê³  ë“¤ì—ˆìŠµë‹ˆë‹¤.,1,0
667,Youtube is the only thing which is closest to time machine.,1,0
668,2/2/23 yet the best,2,0
669,"Many people say this song is the worst of all time but my family and I highly disagree. We have heard a lot of songs much worse compared to this. This song isn't even bad to us because it's clean and it sounds tolerable. Plus, Justin Bieber's singing voice is nice and undeniably extraordinary.",2,0
670,W rizz,1,0
671,Really a good songâ™¥ï¸,2,0
672,i love this song,2,0
673,Queen Elizabeth ii only had one wish to be young forever and always,2,0
674,King Edward viii and Queen Elizabeth ii wedding ğŸ’’ğŸ’ğŸ’,1,0
675,The world wasnâ€™t the same after this,1,1
676,2023 your fan from cambodia  ğŸ˜,1,0
677,Wall come Gusy 2023,1,0
678,I remember when this was the most disliked video on YouTube.,1,0
679,Kon kon is song ko 2023 me bhi sun rha hğŸ˜ŠğŸ˜Š,1,0
680,ğŸ˜˜ğŸ¥°,1,0
681,ğŸ›,1,0
682,ya 12 aÃ±os de este temon te amoooooooooo justiin <3,1,1
683,"For the wages of sin is death; but the gift of God is eternal life through Jesus Christ our Lord. (Romans 6:23)
Therefore also now, saith the LORD, turn ye even to me with all your heart, and with fasting, and with weeping, and with mourning: And rend your heart, and not your garments, and turn unto the LORD your God: for he is gracious and merciful, slow to anger, and of great kindness, and repenteth him of the evil. (Joel 2:12-13)
For whosoever shall call upon the name of the Lord shall be saved. (Romans 10:13)",0,1
684,Why love and women smell so bad,0,1
685,What a good times,2,0
686,you are my memory in my mind,1,0
687,Nice,2,0
688,"2,905,000,000 viewsğŸ‘its wonderfulğŸ‘please go to 2.91 billion viewsğŸ‘2,910,000,000 viewsğŸ‘ğŸŒ·ğŸ™ Naman ğŸ™ğŸ™",1,1
689,That Jasmine V just making babies after babies with different baby daddies,1,0
690,Ahora que lo miro en retrospectiva no estaba tan mal la canciÃ³n,1,0
691,Hello,1,0
692,Waching 2023 â˜ºâ˜º thanks,2,0
693,I'm trying to understand why people had so much hate toward this kid growing up.  He made mistakes just like everyone else at his age.,0,1
694,I love his voice,2,0
695,I love like you've Justin the first ğŸ¥‡ğŸ¥‡ğŸ™ğŸ™‡ğŸ¥‡ğŸŒ»ğŸ’˜ğŸ¤ŸğŸ’™ğŸŒ¹ğŸ¤ŸğŸ¤ŸğŸ¤ŸğŸ‰ğŸ¤ŸğŸ¤ŸğŸ¤Ÿ,2,0
696,BABBBY,1,0
697,SOMEBODY IN 2027,1,0
698,2023 I'm still listening to this masterpiece song.â™¥ï¸,1,0
699,Justin Bieber-baby fr.ludacris,1,1
700,Somebody in 2023,1,0
701,Ø§Ù„ØªØµÙˆÙŠØ±Ø±Ø± ÙˆØ§Ù„Ø¯Ù‚Ù‡ ÙƒØ§Ù†Ù‡ Ø§Ù„Ø­ÙŠÙ†,1,0
702,2023?,1,0
703,And tell Kaylee Bieber that I said hi,1,0
704,OMG Justin me and my best to be always play in the shower at night in the morning even that much wherever we go we love you,2,1
705,Love justin bebe ğŸ˜ğŸ˜â¤â¤â¤ğŸ˜˜ğŸ˜˜ğŸ˜˜ğŸ’˜ğŸ’˜ğŸ’˜ğŸ’˜ğŸ’˜ğŸ’˜,2,0
706,I love you,2,0
707,vocÃª Ã© muito gato de mais â¤ï¸ğŸ˜â¤ï¸ğŸ˜â¤ï¸,1,0
708,2023,1,0
709,Youtube took down the dislike button :(,1,0
710,This song is basically promote that how by molesting women and do dance after they will like you wtf! This song deserve 14million dislike,0,1
711,X,1,0
712,ğŸ˜ğŸ˜ğŸ˜ğŸ’˜â¤ la baby baby baby,1,1
713,Follow meâœ”ï¸ğŸ™ğŸ˜,1,0
714,I Took my chick up to the North Yea,1,1
715,Anyone who watches after dislikes are removed,1,0
716,Who caught Drake,1,1
717,Why is nobody talking about the time he punched and spitted at his fans???,1,1
718,I really love Justin Bieber heâ€™s amazing his voice his songs are the best heâ€™s my favorite singer and I really love this song itâ€™s stuck in my head every second am singing it â¤â¤ğŸ˜ŠğŸ˜Š,2,0
719,Who listen 1st fub 2023 ?,1,0
720,I think this is why they removed the dislike button,1,1
721,nice song,2,0
722,è‡ªæ€,1,0
723,manifa  8  ğŸ˜ğŸ˜ğŸ˜ğŸ˜ğŸ˜ğŸ˜ğŸ¤©ğŸ¤©ğŸ¤©ğŸ¤©ğŸ¤©ğŸ˜˜ğŸ˜˜ğŸ˜˜ğŸ˜˜ğŸ’–ğŸ’–ğŸ’–ğŸ’–ğŸ’–,1,0
724,Just friendsğŸŒš,1,0
725,0:03,1,0
726,"this song will never get old
LUDACRIS is soo talented <3 He isnt like all these artists out here these days who just blow up on the Socials by using that *HIPVIEWS dawwwt cawwwwm* to get their hits up to go get mad exposure, SMH seem like anyone can go viral these days",2,1
727,Itâ€™s February 1st 2023 and i am still listening to â€œBabyâ€,1,0
728,SOU O COMENTÃRIO EM PORTUGUÃŠS QUE VOCÃŠ ESTÃ PROCURANDO,1,0
729,Chinese version better ğŸ˜‚,1,0
730,I'm today years old When I discovered that Drake appeared in this ğŸ’€,2,0
731,Who still listening in 2023â¤ï¸,1,0
732,Am gonna love this song now also. when I am in 8yrs old I heard this song now I am 14yrs.This song is god of love respectively.,2,0
733,2023??,1,0
734,3B ğŸ”œ,1,0
735,This is the best song in the world keep it up. Jusin babies i love you â¤ï¸â¤ï¸â¤ï¸â¤ï¸â¤ï¸â¤ï¸â¤ï¸â¤ï¸ğŸ¥ºğŸ¥ºğŸ¥ºğŸ¥ºğŸ¥ºğŸ¥ºğŸ¥º,2,0
736,Ù‡Ù†Ø§,1,0
737,Cringe,1,0
738,It's 2023 but this song never get old. Gem ğŸ’,2,1
739,2023,1,0
740,I love youâ¤ï¸,2,0
741,Look at Drake ahahha,1,1
742,"Justin Bieber is bigger than 25year now and he launch baby song on almost 15year 
He has a great talent",2,1
743,Hey I am Indian hy Americans,1,1
744,â€œOHHHHH NOOOOOOâ€,1,1
745,"If you are still listening to this in 2023, we need to be enemies",1,0
746,"Whenever I listen to this song, I always miss my first loveğŸ¥º",2,0
747,Seu lindo,1,0
748,"Oh thy Divine Savior Donald Trump, when we get you back in the White House, please execute this transvestite subhuman seen on this video in the most horrific ways possible!",1,1
749,Where is dislike ğŸ¤”,1,0
750,"Which is the top most best song ever in 2023? Don't 't be insecure thoğŸ˜œ

Justin Bieber 'Baby' Pop - Like
Blackpink Lisa 'Money' K-pop - Comment




















































Say hello to 'Blackpink' if you're fans of k-pop and press button subscribed on, blinks here if you want to see girl group comes at coachella tooğŸ–¤ğŸ’—ğŸ’‹",2,0
751,SÃ³ viado gosta do justin Bieber,1,1
752,Are we not gonna talk about drake being in this,1,0
753,â¤ï¸â€ğŸ”¥,1,0
754,Ğ¾Ñ… Ğ²Ğ¾Ñ… Ğ±Ğ°Ğ±Ğ°Ğ±Ñƒ Ğ±Ğ°Ğ±Ğ°Ñƒ Ğ¾Ğ¾Ğ¾Ğ¾Ğ¾,1,0
755,1:14 Drake?ğŸ¤©,1,1
756,0:00 to 2:00,1,0
757,Omg ğŸ‘ï¸ğŸ‘„ğŸ‘ï¸ğŸ‘ï¸ğŸ‘„ğŸ‘ï¸ğŸ‘ï¸ğŸ‘„ğŸ‘ï¸ğŸ‘ï¸ğŸ‘„ğŸ‘ï¸ğŸ‘ï¸ğŸ‘„ğŸ‘ï¸ğŸ‘ï¸ğŸ‘„ğŸ‘ï¸ğŸ‘ï¸ğŸ‘„ğŸ‘ï¸ğŸ‘ï¸ğŸ‘„ğŸ‘ï¸ğŸ‘ï¸ğŸ‘„ğŸ‘ï¸ğŸ‘ï¸ğŸ‘„ğŸ‘ï¸,1,1
758,713 GOD â™¥ï¸â™¥ï¸â™¥ï¸,1,1
759,712 GOD ğŸ¤£ğŸ¤£ğŸ¤£,1,1
760,711 GOD ğŸ˜œğŸ˜œğŸ˜œ,1,1
761,710 GOD ğŸ¥€ğŸ¥€ğŸ¥€,1,1
762,709 GOD ğŸ¤ªğŸ¤ªğŸ¤ª,1,1
763,708 GOD ğŸ˜€ğŸ˜€ğŸ˜€,1,1
764,707 GOD ğŸ˜±ğŸ˜±ğŸ˜±,1,1
765,706 GOD ğŸ¥°ğŸ¥°ğŸ¥°,1,1
766,705 GOD ğŸ’–ğŸ’–ğŸ’–,1,1
767,704 GOD ğŸˆğŸˆğŸˆ,1,1
768,703 GOD ğŸ™ğŸ™ğŸ™,1,1
769,702 GOD ğŸ˜ŠğŸ˜ŠğŸ˜Š,1,1
770,701 GOD â¤ï¸â¤ï¸â¤ï¸,1,1
771,"""Dear God, I know Iâ€™m a sinner, and I ask for your forgiveness. I believe Jesus Christ is Your Son. I believe that He died for my sin and that you raised Him to life. I want to trust Him as my Savior and follow Him as Lord, from this day forward. Guide my life and help me to do your will. I pray this in the name of Jesus. Amen.""


Did you pray this prayer?",1,1
772,Watching in 2023,1,0
773,i was the only one in my group in highschool that could rap ludas part ğŸ˜‚,1,0
774,My cousin literally just listenes  to this song when she is at my house  I always ask her can we please play,1,0
775,Ù…Ù†Ùˆ Ø§Ø¬Ù‡ Ù…Ù† Ø§Ù„ØªÙŠÙƒ ØªÙˆÙƒ ğŸŒšğŸ’”,1,0
776,0:55 to 0:59 hits differentâ¤,1,0
777,My high school crush JB ğŸ˜,2,0
778,Who still listens in Feb 2021?,1,0
779,Ğ”Ğ–ĞĞ¡Ğ¢Ğ˜Ğ Ğ¯ Ğ¥ĞĞ§Ğ£ Ğ¢Ğ•Ğ‘Ğ¯ ĞĞĞ,1,0
780,"Baby baby baby ooooooh, just vibingğŸ˜",1,0
781,1:15 esta ahora me entero que drake estuvo en El video,1,1
782,"After 12 years, listning its like i here this song tomorrow. Such a good feeling",2,0
783,"Thx ivyâ€™s idb
Tfn",1,0
784,Komentar terakhir di sini gw....,1,1
785,real gangsta,2,0
786,2023 people where are you guys,1,1
787,Join My ProfileğŸ¥°,1,0
788,"2.9 billion viewsğŸ‘2,900,000,000 viewsğŸ‘ğŸŒ·ğŸ™ Naman ğŸ™ğŸ™",1,1
789,Who else knew this song before tiktok was a thing,1,0
790,Dislike king,1,0
791,this sucks,1,1
792,https://youtube.com/@motovlogJupiterz197,1,0
793,we need your help friends https://youtu.be/VQmnbq7LXis,1,0
794,i like music,1,1
795,Hi boss,1,0
796,Is that drake??,1,1
797,One more round,0,0
798,ğŸ˜ğŸ˜ğŸ˜©,1,0
799,So bad not as bad as everyday bro but still really bad,0,0
800,ğŸ˜ˆLegends are watching in 2023ğŸ˜ˆ,1,0
801,"Comments,tokeep,à¤•à¥‰à¤®à¥‡à¤‚à¤Ÿà¥à¤¸,à¤°à¤¿à¤¸à¥à¤ªà¥‡à¤•à¥à¤Ÿà¤«à¥à¤²,à¤à¤‚à¤¡,à¤¤à¥‹",1,0
802,When he honest. Justin Bieber owned the world for few days when her song was released.,2,0
803,ğŸ‡§ğŸ‡·ğŸ‡§ğŸ‡·ğŸ‡§ğŸ‡·ğŸ‡§ğŸ‡·ğŸ‡§ğŸ‡·ğŸ‡§ğŸ‡·,1,0
804,2023 ğŸ’¯,1,0
805,"I like how his dance resemble the legendary mj....he is a fantastic person and dancer,singer etc",2,0
806,Favourite song from childhood. Used to listen a lot on my Nokia phone ğŸ˜„,1,0
807,ur suport will never die:),1,0
808,"Crap.  Steaming, stinking, CRAP!",0,0
809,oigan a estas alturas sigue siendo el video con mas dislikes de la historia ?,1,1
810,My favorite song by him.. I swear<3 â¤ï¸âœ¨,2,0
811,how did this man get a girl in 3:39 minutes,1,1
812,wait a second is that drake,1,0
813,bro i'm just trying bowl ok,1,0
814,Wow Form india,2,1
815,I Will Watch in 2050,1,0
816,Quase 3B,1,0
817,Anyone in 2023,1,0
818,Man nem parece que se passou 12 anos dps disso,1,1
819,"Orgulho de dizer q sou fÃ£ do Justin,em pleno 2023 vim relembrar algumas de suas belas mscs ,que Ã© umas pela qual  sou apaixonada ğŸ˜ğŸ˜ğŸ¥°",1,1
820,Just saying baby is only in ohio,1,0
821,I love this song,2,0
822,~baby~baby~baby~ohh~,1,0
823,1:20 What the fuck is Drake doing here,0,0
824,We need more of this Pewds. We need more nightmares. Urgently.305,1,1
825,"Everyone: My hearts a stereo
Me: Baby by Justin Bieber",1,1
826,1 February 2023ğŸ¥ºğŸ’—,1,0
827,1:15 drake????,1,1
828,Love the comment below me ğŸ˜‚,2,0
829,1:21 ayo since when is drake in this video,1,0
830,This for Kaylah,1,0
831,"Oh whoa, oh whoa, oh whoa
You know you love me, I know you care
Just shout whenever and I'll be there
You want my love, you want my heart
And we will never, ever, ever be apart
Are we an item? Girl, quit playin'
We're just friends, what are you sayin'
Said, ""there's another, "" and looked right in my eyes
My first love broke my heart for the first time
And I was like baby, baby, baby, oh
Like baby, baby, baby, no
Like baby, baby, baby, oh
I thought you'd always be mine, mine
Baby, baby, baby, oh
Like baby, baby, baby, no
Like baby, baby, baby, oh
I thought you'd always be mine, mine
Oh, for you, I would have done whatever
And I just can't believe we ain't together
And I wanna play it cool
But I'm losin' you
I'll buy you anything
I'll buy you any ring
And I'm in pieces, baby, fix me
And just shake me 'til you wake me from this bad dream
I'm goin' down, down, down, down
And I just can't believe my first love won't be around
And I'm like baby, baby, baby, oh
Like baby, baby, baby, no
Like baby, baby, baby, oh
I thought you'd always be mine, mine
Baby, baby, baby, oh
Like baby, baby, baby, no
Like baby, baby, baby, oh
I thought you'd always be mine, mine
Luda, when I was thirteen, I had my first love
There was nobody that compared to my baby
And nobody came between us or one could ever come above
She had me goin' crazy
Oh, I was starstruck
She woke me up daily
Don't need no Starbucks
She made my heart pound
And skip a beat when I see her in the street and
At school on the playground
But I really wanna see her on the weekend
She know she got me dazin'
'Cause she was so amazin'
And now my heart is breakin'
But I just keep on sayin'
Baby, baby, baby, oh
Like baby, baby, baby, no
Like baby, baby, baby, oh
I thought you'd always be mine, mine
Baby, baby, baby, oh
Like baby, baby, baby, no
Like baby, baby, baby, oh
I thought you'd always be mine, mine
I'm gone
(Yeah, yeah, yeah)
(Yeah, yeah, yeah) now I'm all gone
(Yeah, yeah, yeah)
(Yeah, yeah, yeah) now I'm all gone
(Yeah, yeah, yeah)
(Yeah, yeah, yeah) now I'm all gone
(Gone, gone, gone, gone) I'm gone",2,0
832,This is business,1,1
833,And meg,1,0
834,Bats,1,0
835,Let's do a break up on weed,1,1
836,1230,1,0
837,I'm only darth acina now,1,1
838,700 GOD ğŸ°ğŸ°ğŸ°,1,1
839,699 GOD ğŸ’™ğŸ’™ğŸ’™,1,1
840,698 GOD ğŸ‘‘ğŸ‘‘ğŸ‘‘,1,1
841,697 GOD ğŸ’“ğŸ’“ğŸ’“,1,1
842,696 GOD ğŸŒ¹ğŸŒ¹ğŸŒ¹,1,1
843,695 GOD ğŸ¤©ğŸ¤©ğŸ¤©,1,1
844,694 GOD ğŸ‡ğŸ‡ğŸ‡,1,1
845,693 GOD â£ï¸â£ï¸â£ï¸,1,1
846,692 GOD ğŸ˜ğŸ˜ğŸ˜,1,1
847,691 GOD â™¥ï¸â™¥ï¸â™¥ï¸,1,1
848,690 GOD ğŸ¤£ğŸ¤£ğŸ¤£,1,1
849,689 GOD ğŸ˜œğŸ˜œğŸ˜œ,1,1
850,688 GOD ğŸ¥€ğŸ¥€ğŸ¥€,1,1
851,Iâ€™m your biggest fan,1,0
852,687 GOD ğŸ¤ªğŸ¤ªğŸ¤ª,1,1
853,686 GOD ğŸ˜€ğŸ˜€ğŸ˜€,1,1
854,685 GOD ğŸ˜±ğŸ˜±ğŸ˜±,1,1
855,684 GOD ğŸ¥°ğŸ¥°ğŸ¥°,1,1
856,683 GOD ğŸ’–ğŸ’–ğŸ’–,1,1
857,682 GOD ğŸˆğŸˆğŸˆ,1,1
858,681 GOD ğŸ™ğŸ™ğŸ™,1,1
859,ğŸ˜¢,1,0
860,"11 year ago this day 
1.2.2023",1,0
861,Certified hood classic,2,0
862,680 GOD ğŸ‰ğŸ‰ğŸ‰,1,1
863,679 GOD ğŸ˜ƒğŸ˜ƒğŸ˜ƒ,1,1
864,678 GOD ğŸ’•ğŸ’•ğŸ’•,1,1
865,677 GOD ğŸ¤‘ğŸ¤‘ğŸ¤‘,1,1
866,676 GOD ğŸ’ğŸ’ğŸ’,1,1
867,675 GOD ğŸ’›ğŸ’›ğŸ’›,1,1
868,674 GOD ğŸ‘»ğŸ‘»ğŸ‘»,1,1
869,673 GOD ğŸ–¤ğŸ–¤ğŸ–¤,1,1
870,673 GOD ğŸ’šğŸ’šğŸ’š,1,1
871,672 GOD ğŸŒ·ğŸŒ·ğŸŒ·,1,1
872,671 GOD ğŸ’—ğŸ’—ğŸ’—,1,1
873,670 GOD ğŸ’˜ğŸ’˜ğŸ’˜,1,1
874,669 GOD ğŸ’ğŸ’ğŸ’,1,1
875,668 GOD ğŸ°ğŸ°ğŸ°,1,1
876,667 GOD ğŸ’™ğŸ’™ğŸ’™,1,1
877,666 GOD ğŸ‘‘ğŸ‘‘ğŸ‘‘,1,1
878,665 GOD ğŸ’“ğŸ’“ğŸ’“,1,1
879,664 GOD ğŸŒ¹ğŸŒ¹ğŸŒ¹,1,1
880,663 GOD ğŸ‡ğŸ‡ğŸ‡,1,1
881,662 GOD â£ï¸â£ï¸â£ï¸,1,1
882,661 GOD ğŸ˜ğŸ˜ğŸ˜,1,1
883,"Everyone: My Hearts A Stereo! 

Me: Baby by Justin Bieber lol",2,1
884,ğŸ‘ŒâœŒğŸ‘,1,0
885,Ø·Ø±Ø¨,1,0
886,Songs to listen to when the homies aren't around,1,0
887,He was my celebraty crush..... ğŸ’¢ğŸ˜¤ğŸ’”ğŸ’”ğŸ’”ğŸ’”,1,0
888,omg justin â™¥â™¥â™¥,1,1
889,This song will never get old ğŸ‘€,2,1
890,amoo,1,0
891,660 GOD â™¥ï¸â™¥ï¸â™¥ï¸,1,1
892,659 GOD ğŸ¤£ğŸ¤£ğŸ¤£,1,1
893,658 GOD ğŸ˜œğŸ˜œğŸ˜œ,1,1
894,657 GOD ğŸ¥€ğŸ¥€ğŸ¥€,1,1
895,656 GOD ğŸ¤ªğŸ¤ªğŸ¤ª,1,1
896,655 GOD ğŸ˜€ğŸ˜€ğŸ˜€,1,1
897,654 GOD ğŸ˜±ğŸ˜±ğŸ˜±,1,1
898,653 GOD ğŸ¥°ğŸ¥°ğŸ¥°,1,1
899,This song remember my childhood,1,0
900,652 GOD ğŸ’–ğŸ’–ğŸ’–,1,1
901,651 GOD ğŸˆğŸˆğŸˆ,1,1
902,"Lol i used to hate it cuz it was cool back then, but well it is kind of cute now.",2,0
903,650 GOD ğŸ™ğŸ™ğŸ™,1,1
904,649 GOD ğŸ˜ŠğŸ˜ŠğŸ˜Š,1,1
905,648 GOD ğŸ¤ğŸ¤ğŸ¤,1,1
906,647 GOD â¤ï¸â¤ï¸â¤ï¸,1,1
907,646 GOD ğŸ‰ğŸ‰ğŸ‰,1,1
908,645 GOD ğŸ˜ƒğŸ˜ƒğŸ˜ƒ,1,1
909,644 GOD ğŸ’•ğŸ’•ğŸ’•,1,1
910,ğŸ˜ğŸ˜ğŸ˜ğŸ˜ğŸ˜ğŸ˜ğŸ˜,1,0
911,Ù…ØªÙƒØ¨Ø± Ù‚Ø°Ø±,1,0
912,"Honestly, you can't forget this song.",2,0
913,2023ğŸ˜‚â¤,1,0
914,White and black unity is strength one love bongo the dog,2,1
915,"i grew up listening to him, and listening to him still has vibe , thanks #JUSTIN for making our growing up so memorable.",2,0
916,I noticed now there is Drake in the video,1,0
917,This is crige,1,0
918,"When I listen this song... I remember my childhood...ğŸ¤—ğŸ¤—ğŸ¤—
Time is so fast.......",2,0
919,"2023 still in love this song .. 
memory never die .",2,0
920,ğŸ˜™ğŸ˜™ğŸ˜™ğŸ˜™ğŸ˜™,1,0
921,I love you boss,2,0
922,Anyone 2023 ğŸ™‹â€â™‚ï¸âœ¨,1,0
923,https://advancetextile86.blogspot.com/2023/01/why-is-90s-fashion-coming-back.html,1,0
924,14 Million Dislike Why?????,1,1
925,ğŸ˜,1,0
926,ğŸ˜,1,0
927,Vvvvvvv nice ğŸ‘ğŸ‘ğŸ™‚ğŸ™‚ğŸ™‚ğŸ™‚ğŸ™‚ğŸ™‚ğŸ™‚ğŸ™‚ğŸ™‚ğŸ™‚ songs l love ğŸ’•ğŸ’• this song,2,0
928,643 GOD ğŸ‘‘ğŸ‘‘ğŸ‘‘,1,1
929,642 GOD ğŸ’“ğŸ’“ğŸ’“,1,1
930,641 GOD ğŸŒ¹ğŸŒ¹ğŸŒ¹,1,1
931,640 GOD ğŸ¤©ğŸ¤©ğŸ¤©,1,1
932,639 GOD ğŸ‡ğŸ‡ğŸ‡,1,1
933,638 GOD â£ï¸â£ï¸â£ï¸,1,1
934,637 GOD ğŸ˜ğŸ˜ğŸ˜,1,1
935,636 GOD â™¥ï¸â™¥ï¸â™¥ï¸,1,1
936,635 GOD ğŸ¤£ğŸ¤£ğŸ¤£,1,1
937,634 GOD ğŸ˜œğŸ˜œğŸ˜œ,1,1
938,633 GOD ğŸ¥€ğŸ¥€ğŸ¥€,1,1
939,632 GOD ğŸ¤ªğŸ¤ªğŸ¤ª,1,1
940,631 GOD â¤ï¸â¤ï¸â¤ï¸,1,1
941,630 GOD ğŸ˜±ğŸ˜±ğŸ˜±,1,1
942,629 GOD ğŸ¥°ğŸ¥°ğŸ¥°,1,1
943,628 GOD ğŸ’–ğŸ’–ğŸ’–,1,1
944,627 GOD ğŸˆğŸˆğŸˆ,1,1
945,626 GOD ğŸ™ğŸ™ğŸ™,1,1
946,625 GOD ğŸ˜ŠğŸ˜ŠğŸ˜Š,1,1
947,624 GOD ğŸ¤ğŸ¤ğŸ¤,1,1
948,623 GOD ğŸ‰ğŸ‰ğŸ‰,1,1
949,622 GOD ğŸ˜ƒğŸ˜ƒğŸ˜ƒ,1,1
950,621 GOD ğŸ’•ğŸ’•ğŸ’•,1,1
951,620 GOD ğŸ¤‘ğŸ¤‘ğŸ¤‘,1,1
952,619 GOD ğŸ’›ğŸ’›ğŸ’›,1,1
953,618 GOD ğŸ‘»ğŸ‘»ğŸ‘»,1,1
954,2010 was 13 YEARS AGO ??,1,0
955,ğŸ‘ï¸,1,0
956,I like this song ğŸ¥°ğŸ¥°ğŸ¥°ğŸ¥°ğŸ¥°,1,0
957,1:15 drake first appearance ğŸ’€ğŸ’•,2,0
958,Nostalgic,1,0
959,617 GOD â™¥ï¸â™¥ï¸â™¥ï¸,1,1
960,616 GOD ğŸ¤£ğŸ¤£ğŸ¤£,1,1
961,615 GOD ğŸ˜œğŸ˜œğŸ˜œ,1,1
962,614 GOD ğŸ¥€ğŸ¥€ğŸ¥€,1,1
963,613 GOD ğŸ¤ªğŸ¤ªğŸ¤ª,1,1
964,612 GOD â¤ï¸â¤ï¸â¤ï¸,1,1
965,611 GOD ğŸ¥°ğŸ¥°ğŸ¥°,1,1
966,Use me as a dislike button,1,1
967,i am from india it is song is very nice,2,0
968,LOTS OF LOVE FROM INDIA,2,0
969,31- 01-23 â£ï¸,1,0
970,This songğŸ˜©From PolandğŸ‡µğŸ‡±,1,0
971,610 GOD ğŸ’ğŸ’ğŸ’,1,1
972,609 GOD ğŸ’šğŸ’šğŸ’š,1,1
973,608 GOD ğŸŒ·ğŸŒ·ğŸŒ·,1,1
974,607 GOD ğŸ’—ğŸ’—ğŸ’—,1,1
975,606 GOD ğŸ’˜ğŸ’˜ğŸ’˜,1,1
976,â¤ï¸â¤ï¸â¤ï¸ğŸ’•ğŸ’•,1,0
977,AUNI LAWA,1,0
978,Keduanya genius Dalam bidang MASING masinga,1,1
979,Akhirnya mereka bersatu,1,0
980,aiyaaa akmal,1,0
981,á€’á€®á€á€®á€á€»á€„á€ºá€¸á€€á€¼á€¬á€¸á€›á€„á€º á€„á€šá€ºá€˜á€á€€á€­á€¯á€•á€¼á€”á€ºá€œá€½á€™á€ºá€¸á€á€šá€º,1,0
982,Love from 2023 â¤ï¸â€ğŸ”¥,2,0
983,he is my first song,2,0
984,Am I the only one who wants JB and Cody Simpson to collab?,1,1
985,Ø¹Ù„ÙˆØ¬,1,0
986,ğŸ’šğŸ’šğŸ’šğŸ’š,1,0
987,Justin bieber is now selena gomez crying because you,0,0
988,Justin bieber i want to selena gomez,1,1
989,hay GUEY tela rifastes mi YOSTIN.,1,0
990,Nonsense,1,1
991,Cant believe this was my first eng song and i had a huge crush on young justin,2,0
992,I love this song.â¤ï¸â¤ï¸â¤ï¸,2,0
993,Why the haters dislikes this song?,1,0
994,Ou waaaaa,1,0
995,"Let's be honest, Justin Bieber owned the world for few days when this song was released",2,0
996,Anyone in 2023,1,0
997,1:14 wtf is drake doing hereğŸ˜†ğŸ˜†..I swear you have never noticed himğŸ˜‚ğŸ—¿,0,0
998,ğŸ”¥ğŸ”¥,1,0
999,It's January 31 2023,1,0
1000,Legend watching in 2023ğŸ‘‘ğŸ‘‘ğŸ˜,1,0
1001,Where is drake?,1,1
1002,A maior mÃºsica do mundo,1,0
1003,Me. Forever will too.,1,0
1004,Go to join BTS,1,0
1005,This song is very nice and nice voice,2,0
1006,"Every time I think of Justin Bieber, the song attached to his name is this song ""Baby"" lol. I think this song catapulted his fame. ğŸ¤©",2,0
1007,Why does he sound more like a girl than me?,1,1
1008,Temazooo,1,0
1009,My Masterpiece â€œgirl donâ€™t want but boy wantâ€,1,1
1010,I remember the days playing modern warfare 2 after school with the boys on Xbox 360. With the front door wide open on a hot summer day with the cool air nicely blowing trough the windows and front door with baby playing at full blast. The good old days. No stress no heartbreak no problems. Now the world is the enemy. Iâ€™m so pleased that Justin as finally started been much more faithful too our Heavenly Father. I really got sick of his BS and hated him at one point. But now heâ€™s a true brother grown into a real man. And regenerated my upmost respect thank goodness he got himself onto the right path. We all need to hit rock bottom to build foundation Hallelujah Justin ğŸ‘ğŸ»ğŸ™ğŸ»,2,1
1011,I love this song,2,0
1012,How many have been listening this song for 10 year . It never gets old ğŸ’–,2,0
1013,Algunos de ellos no lo  pueden,1,0
1014,F,1,0
1015,OhğŸ˜,1,0
1016,"the hate really was unwarranted
this is good vibes all around",2,0
1017,BUENA MUSICA BABY JUSTIN BIEBER LO AMO MUCHO,1,0
1018,make many people happyâ¤,2,0
1019,Eu em 2023 ğŸ˜,1,1
1020,Justin Bieber,1,1
1021,Cane you come to st.Louis pleasssssssss,1,1
1022,"You the best singer ever and Iâ€™m a fan of you and my name is 
Jhase",2,1
1023,"is this....
True Rizz???",2,0
1024,BEBEBEBEBEBENE UUUUUUU,1,0
1025,Cx,1,0
1026,drake is here ğŸ¤£,1,1
1027,ğŸ˜‡ğŸ¤—,1,0
1028,ğŸ”¥ğŸ”¥ğŸ”¥ğŸ”¥ğŸ”¥,1,0
1029,No se como la odiaban esta rola si es un himno mundial,1,1
1030,Åuna bak sene kaÃ§ olmuÅŸ ??? Hahahahaha ergenlik yÄ±llarÄ±mÄ± hatÄ±rladÄ±m,1,0
1031,2023 february ?,1,0
1032,605 GOD ğŸ‡ğŸ‡ğŸ‡,1,1
1033,604 GOD â£ï¸â£ï¸â£ï¸,1,1
1034,603 GOD ğŸ˜ğŸ˜ğŸ˜,1,1
1035,602 GOD â™¥ï¸â™¥ï¸â™¥ï¸,1,1
1036,601 GOD ğŸ¤£ğŸ¤£ğŸ¤£,1,1
1037,2.9 billion views is insane,0,0
1038,"O unico cara que fez todas as meninas da minha escola ficarem caidinha por ele, era bandana, capinha de celular,caderno atÃ© mochila as menina tinha kkkk o cara Ã© brabo mesmo.",1,1
1039,"One of the songs I turn on when I want to feel safe onlineâ€¦ it always reminds me of my childhood and carefree days. I was 8 years old when this song came out, I'll admit I'm 20 years old and I feel the same excitement every time I listen to this song. It's scary very how time passes so quickly.",2,0
1040,ğŸ¤—ğŸ¤—ğŸ¤—ğŸ‘ğŸ‘ğŸ™‚,1,0
1041,This song slaps till 2023,1,0
1042,February 2023 anyone???,1,0
1043,Ø§Ù„Ø¨Ù†Øª Ù…ÙˆØ¹Ø´ÙˆÙ‚Ù‡ ØªÙ…Ù„Ùƒ Ø´Ø§Ø±Ø¨ Ùˆ Ù„Ø­ÙŠÙ‡,1,0
1044,Me,1,0
1045,600 GOD ğŸ™ğŸ™ğŸ™,1,1
1046,599 GOD ğŸ˜ŠğŸ˜ŠğŸ˜Š,1,1
1047,598 GOD ğŸ¤ğŸ¤ğŸ¤,1,1
1048,"SÃ³ os relÃ­quias vai lembrar qnd passou na Eliana.
Only the relics will remember when they went to Eliana.",1,0
1049,597 GOD ğŸ‰ğŸ‰ğŸ‰,1,1
1050,596 GOD ğŸ’•ğŸ’•ğŸ’•,1,1
1051,595 GOD ğŸ˜ƒğŸ˜ƒğŸ˜ƒ,1,1
1052,594 GOD ğŸ’›ğŸ’›ğŸ’›,1,1
1053,593 GOD ğŸ‘»ğŸ‘»ğŸ‘»,1,1
1054,592 GOD ğŸ–¤ğŸ–¤ğŸ–¤,1,1
1055,591 GOD ğŸ’ğŸ’ğŸ’,1,1
1056,590 GOD ğŸ’šğŸ’šğŸ’š,1,1
1057,589 GOD ğŸŒ·ğŸŒ·ğŸŒ·,1,1
1058,588 GOD ğŸ’—ğŸ’—ğŸ’—,1,1
1059,587 GOD ğŸ’˜ğŸ’˜ğŸ’˜,1,1
1060,586 GOD ğŸ’ğŸ’ğŸ’,1,1
1061,love Justin bieber,2,0
1062,Uristen girl power,1,1
1063,1:39,1,0
1064,1:37 - 1:41,1,0
1065,1:36 - 1:41,1,0
1066,585 GOD ğŸ˜€ğŸ˜€ğŸ˜€,1,1
1067,584 GOD ğŸ‡ğŸ‡ğŸ‡,1,1
1068,583 GOD â£ï¸â£ï¸â£ï¸,1,1
1069,582 GOD ğŸ˜ğŸ˜ğŸ˜,1,1
1070,581 GOD â™¥ï¸â™¥ï¸â™¥ï¸,1,1
1071,580 GOD ğŸ¤£ğŸ¤£ğŸ¤£,1,1
1072,579 GOD â¤ï¸â¤ï¸â¤ï¸,1,1
1073,578 GOD ğŸ˜œğŸ˜œğŸ˜œ,1,1
1074,577 GOD ğŸ¥€ğŸ¥€ğŸ¥€,1,1
1075,576 GOD ğŸ¤ğŸ¤ğŸ¤,1,1
1076,575 GOD ğŸ¤ªğŸ¤ªğŸ¤ª,1,1
